t,T
0.0,23.4
120.0,25.063461968429994
240.0,26.72512047689463
360.0,28.384882705302008
480.0,30.04272290721362
600.0,31.698626766082377
720.0,33.352584996656574
840.0,35.004591124241685
960.0,36.65464045602302
1080.0,38.3027295230585
1200.0,39.94885574506563
1320.0,41.59301721400443
1440.0,43.2352125466305
1560.0,44.87544077974588
1680.0,46.51370129324773
1800.0,48.14999375202379
1920.0,49.78431806106083
2040.0,51.41667433008017
2160.0,53.04706284520897
2280.0,54.67548404595574
2400.0,56.3019385062573
2520.0,57.926426918700656
2640.0,59.548950081255754
2760.0,61.16950888601888
2760.0,61.16950888601888
2880.0,61.12464234115439
3000.0,61.07983017236019
3120.0,61.03507231271778
3240.0,60.990368695391986
3360.0,60.945719253630884
3480.0,60.90112392076567
3600.0,60.85658263021057
3720.0,60.81209531546272
3840.0,60.76766191010209
3960.0,60.72328234779136
4080.0,60.678956562275815
4200.0,60.63468448738324
4320.0,60.590466057023825
4440.0,60.54630120519006
4560.0,60.50218986595663
4680.0,60.458131973480306
4800.0,60.41412746199985
4920.0,60.3701762658359
5040.0,60.326278319390894
5160.0,60.282433557148934
5280.0,60.23864191367571
5400.0,60.19490332361836
5520.0,60.15121772170543
5640.0,60.107585042746706
5760.0,60.06400522163315
5880.0,60.02047819333679
6000.0,59.977003892910616
6120.0,59.93358225548848
6240.0,59.89021321628499
6360.0,59.846896710595416
6480.0,59.803632673795576
6600.0,59.76042104134176
6720.0,59.71726174877059
6840.0,59.674154731698955
6960.0,59.6310999258239
7080.0,59.588097266922496
7200.0,59.5451466908518
7320.0,59.502248133548704
7440.0,59.45940153102984
7560.0,59.4166068193915
7680.0,59.37386393480951
7800.0,59.33117281353918
7920.0,59.288533391915145
8040.0,59.245945606351285
8160.0,59.20340939334064
8280.0,59.16092468945531
8400.0,59.118491431346314
8520.0,59.076109555743564
8640.0,59.0337789994557
8760.0,58.991499699370024
8880.0,58.94927159245239
9000.0,58.90709461574711
9120.0,58.86496870637686
9240.0,58.822893801542556
9360.0,58.7808698385233
9480.0,58.73889675467625
9600.0,58.696974487436506
9720.0,58.65510297431707
9840.0,58.61328215290869
9960.0,58.57151196087979
10080.0,58.529792335976374
10200.0,58.48812321602192
10320.0,58.446504538917274
10440.0,58.40493624264058
10560.0,58.363418265247155
10680.0,58.3219505448694
10800.0,58.28053301971673
10920.0,58.23916562807542
11040.0,58.197848308308565
11160.0,58.15658099885596
11280.0,58.115363638233994
11400.0,58.07419616503557
11520.0,58.03307851793001
11640.0,57.992010635662936
11760.0,57.9509924570562
11880.0,57.910023921007785
12000.0,57.86910496649169
12120.0,57.82823553255785
12240.0,57.787415558332036
12360.0,57.74664498301578
12480.0,57.70592374588623
12600.0,57.66525178629611
12720.0,57.62462904367359
12840.0,57.58405545752222
12960.0,57.54353096742079
13080.0,57.503055513023284
13200.0,57.46262903405876
13320.0,57.422251470331254
13440.0,57.3819227617197
13560.0,57.34164284817783
13680.0,57.301411669734065
13800.0,57.261229166491454
13920.0,57.22109527862755
14040.0,57.181009946394326
14160.0,57.140973110118075
14280.0,57.10098471019934
14400.0,57.061044687112805
14520.0,57.02115298140719
14640.0,56.98130953370517
14760.0,56.9415142847033
14880.0,56.901767175171884
15000.0,56.86206814595491
15120.0,56.82241713796995
15240.0,56.78281409220807
15360.0,56.74325894973373
15480.0,56.7037516516847
15600.0,56.664292139271964
15720.0,56.62488035377964
15840.0,56.58551623656486
15960.0,56.5461997290577
16080.0,56.50693077276109
16200.0,56.467709309250715
16320.0,56.42853528017492
16440.0,56.38940862725463
16560.0,56.35032929228325
16680.0,56.31129721712657
16800.0,56.272312343722696
16920.0,56.233374614081924
17040.0,56.19448397028669
17160.0,56.15564035449144
17280.0,56.11684370892257
17400.0,56.078093975878325
17520.0,56.039391097728696
17640.0,56.00073501691535
17760.0,55.96212567595153
17880.0,55.92356301742197
18000.0,55.88504698398279
18120.0,55.846577518361435
18240.0,55.80815456335656
18360.0,55.76977806183794
18480.0,55.73144795674641
18600.0,55.693164191093736
18720.0,55.65492670796256
18840.0,55.61673545050628
18960.0,55.578590361949004
19080.0,55.54049138558541
19200.0,55.502438464780695
19320.0,55.46443154297047
19440.0,55.42647056366068
19560.0,55.3885554704275
19680.0,55.35068620691727
19800.0,55.31286271684639
19920.0,55.275084944001236
20040.0,55.237352832238074
20160.0,55.19966632548297
20280.0,55.16202536773171
20400.0,55.12442990304969
20520.0,55.08687987557186
20640.0,55.04937522950262
20760.0,55.011915909115736
20880.0,54.97450185875423
21000.0,54.937133022830345
21120.0,54.8998093458254
21240.0,54.86253077228976
21360.0,54.82529724684269
21480.0,54.78810871417231
21600.0,54.750965119035506
21720.0,54.71386640625782
21840.0,54.67681252073339
21960.0,54.63980340742485
22080.0,54.602839011363244
22200.0,54.565919277647936
22320.0,54.52904415144654
22440.0,54.492213577994825
22560.0,54.45542750259662
22680.0,54.41868587062375
22800.0,54.38198862751593
22920.0,54.345335718780696
23040.0,54.308727089993305
23160.0,54.27216268679666
23280.0,54.23564245490123
23400.0,54.19916634008494
23520.0,54.16273428819313
23640.0,54.12634624513841
23760.0,54.09000215690064
23880.0,54.0537019695268
24000.0,54.01744562913093
24120.0,53.98123308189403
24240.0,53.945064274063995
24360.0,53.9089391519555
24480.0,53.87285766194994
24600.0,53.836819750495366
24720.0,53.800825364106345
24840.0,53.76487444936392
24960.0,53.72896695291553
25080.0,53.69310282147488
25200.0,53.65728200182192
25320.0,53.62150444080271
25440.0,53.58577008532938
25560.0,53.55007888238001
25680.0,53.51443077899855
25800.0,53.47882572229479
25920.0,53.443263659444206
26040.0,53.40774453768791
26160.0,53.37226830433258
26280.0,53.336834906750354
26400.0,53.30144429237876
26520.0,53.26609640872064
26640.0,53.23079120334406
26760.0,53.19552862388222
26880.0,53.160308618033376
27000.0,53.12513113356078
27120.0,53.08999611829257
27240.0,53.0549035201217
27360.0,53.019853287005866
27480.0,52.98484536696741
27600.0,52.949879708093256
27720.0,52.91495625853481
27840.0,52.88007496650789
27960.0,52.845235780292654
28080.0,52.81043864823349
28200.0,52.77568351873897
28320.0,52.740970340281756
28440.0,52.7062990613985
28560.0,52.67166963068979
28680.0,52.63708199682007
28800.0,52.60253610851755
28920.0,52.56803191457411
29040.0,52.533569363845245
29160.0,52.49914840525
29280.0,52.464768987770825
29400.0,52.43043106045357
29520.0,52.39613457240737
29640.0,52.36187947280455
29760.0,52.327665710880595
29880.0,52.29349323593401
30000.0,52.25936199732629
30120.0,52.22527194448181
30240.0,52.191223026887776
30360.0,52.157215194094114
30480.0,52.12324839571342
30600.0,52.089322581420845
30720.0,52.05543770095406
30840.0,52.02159370411315
30960.0,51.98779054076054
31080.0,51.954028160820926
31200.0,51.92030651428117
31320.0,51.88662555119028
31440.0,51.85298522165925
31560.0,51.81938547586106
31680.0,51.78582626403055
31800.0,51.75230753646435
31920.0,51.71882924352084
32040.0,51.68539133562
32160.0,51.651993763243404
32280.0,51.61863647693411
32400.0,51.585319427296575
32520.0,51.552042564996604
32640.0,51.518805840761246
32760.0,51.485609205378736
32880.0,51.45245260969841
33000.0,51.41933600463064
33120.0,51.386259341146726
33240.0,51.35322257027887
33360.0,51.32022564312004
33480.0,51.28726851082396
33600.0,51.25435112460496
33720.0,51.22147343573797
33840.0,51.1886353955584
33960.0,51.15583695546208
34080.0,51.12307806690517
34200.0,51.09035868140411
34320.0,51.05767875053553
34440.0,51.025038225936164
34560.0,50.99243705930279
34680.0,50.95987520239215
34800.0,50.92735260702087
34920.0,50.8948692250654
35040.0,50.86242500846192
35160.0,50.83001990920628
35280.0,50.79765387935391
35400.0,50.76532687101976
35520.0,50.73303883637822
35640.0,50.70078972766304
35760.0,50.66857949716727
35880.0,50.63640809724316
36000.0,50.60427548030212
36120.0,50.572181598814616
36240.0,50.54012640531011
36360.0,50.50810985237699
36480.0,50.47613189266248
36600.0,50.44419247887259
36720.0,50.41229156377201
36840.0,50.38042910018407
36960.0,50.348605040990634
37080.0,50.316819339132074
37200.0,50.285071947607136
37320.0,50.25336281947291
37440.0,50.22169190784476
37560.0,50.190059165896194
37680.0,50.15846454685888
37800.0,50.12690800402249
37920.0,50.09538949073468
38040.0,50.063908960401
38160.0,50.03246636648482
38280.0,50.00106166250725
38400.0,49.96969480204708
38520.0,49.938365738740714
38640.0,49.90707442628208
38760.0,49.87582081842257
38880.0,49.84460486897096
39000.0,49.81342653179335
39120.0,49.78228576081307
39240.0,49.751182510010636
39360.0,49.72011673342366
39480.0,49.68908838514678
39600.0,49.6580974193316
39720.0,49.627143790186594
39840.0,49.59622745197707
39960.0,49.56534835902508
40080.0,49.534506465709335
40200.0,49.503701726465145
40320.0,49.472934095784375
40440.0,49.44220352821532
40560.0,49.411509978362695
40680.0,49.3808534008875
40800.0,49.350233750507016
40920.0,49.31965098199468
41040.0,49.28910505018004
41160.0,49.25859590994869
41280.0,49.22812351624217
41400.0,49.197687824057944
41520.0,49.167288788449284
41640.0,49.13692636452522
41760.0,49.10660050745048
41880.0,49.07631117244539
42000.0,49.04605831478584
42120.0,49.015841889803184
42240.0,48.9856618528842
42360.0,48.955518159470984
42480.0,48.925410765060924
42600.0,48.89533962520659
42720.0,48.86530469551569
42840.0,48.83530593165099
42960.0,48.80534328933026
43080.0,48.775416724326185
43200.0,48.7455261924663
43320.0,48.71567164963293
43440.0,48.685853051763125
43560.0,48.65607035484858
43680.0,48.626323514935564
43800.0,48.59661248812487
43920.0,48.56693723057172
44040.0,48.53729769848572
44160.0,48.5076938481308
44280.0,48.478125635825094
44400.0,48.44859301794094
44520.0,48.419095950904754
44640.0,48.38963439119701
44760.0,48.360208295352145
44880.0,48.33081761995848
45000.0,48.30146232165819
45120.0,48.27214235714721
45240.0,48.24285768317516
45360.0,48.21360825654531
45480.0,48.18439403411448
45600.0,48.155214972793004
45720.0,48.126071029544626
45840.0,48.09696216138646
45960.0,48.067888325388914
46080.0,48.03884947867564
46200.0,48.00984557842343
46320.0,47.98087658186219
46440.0,47.95194244627485
46560.0,47.9230431289973
46680.0,47.894178587418324
46800.0,47.865348778979545
46920.0,47.836553661175344
47040.0,47.80779319155281
47160.0,47.77906732771165
47280.0,47.75037602730414
47400.0,47.72171924803507
47520.0,47.69309694766165
47640.0,47.664509083993465
47760.0,47.635955614892396
47880.0,47.60743649827258
48000.0,47.578951692100304
48120.0,47.55050115439398
48240.0,47.52208484322405
48360.0,47.493702716712946
48480.0,47.46535473303499
48600.0,47.43704085041638
48720.0,47.40876102713507
48840.0,47.380515221520746
48960.0,47.352303391954734
49080.0,47.32412549686996
49200.0,47.29598149475086
49320.0,47.26787134413334
49440.0,47.2397950036047
49560.0,47.21175243180355
49680.0,47.1837435874198
49800.0,47.155768429194524
49920.0,47.127826915919954
50040.0,47.09991900643939
50160.0,47.072044659647155
50280.0,47.044203834488485
50400.0,47.016396489959526
50520.0,46.98862258510723
50640.0,46.9608820790293
50760.0,46.93317493087413
50880.0,46.905501099840755
51000.0,46.87786054517876
51120.0,46.85025322618824
51240.0,46.8226791022197
51360.0,46.79513813267406
51480.0,46.767630277002525
51600.0,46.74015549470655
51720.0,46.71271374533777
51840.0,46.68530498849796
51960.0,46.657929183838945
52080.0,46.630586291062535
52200.0,46.60327626992049
52320.0,46.575999080214444
52440.0,46.54875468179582
52560.0,46.52154303456581
52680.0,46.49436409847527
52800.0,46.4672178335247
52920.0,46.440104199764136
53040.0,46.41302315729313
53160.0,46.38597466626067
53280.0,46.35895868686511
53400.0,46.33197517935411
53520.0,46.305024104024604
53640.0,46.2781054212227
53760.0,46.25121909134362
53880.0,46.22436507483168
54000.0,46.19754333218019
54120.0,46.17075382393139
54240.0,46.14399651067642
54360.0,46.11727135305523
54480.0,46.09057831175653
54600.0,46.06391734751774
54720.0,46.0372884211249
54840.0,46.01069149341264
54960.0,45.984126525264095
55080.0,45.95759347761087
55200.0,45.93109231143296
55320.0,45.90462298775869
55440.0,45.87818546766466
55560.0,45.85177971227567
55680.0,45.825405682764696
55800.0,45.799063340352795
55920.0,45.77275264630905
56040.0,45.74647356195054
56160.0,45.72022604864222
56280.0,45.694010067796924
56400.0,45.66782558087528
56520.0,45.64167254938563
56640.0,45.615550934884006
56760.0,45.589460698974044
56880.0,45.56340180330693
57000.0,45.53737420958136
57120.0,45.51137787954344
57240.0,45.48541277498668
57360.0,45.459478857751876
57480.0,45.433576089727104
57600.0,45.40770443284764
57720.0,45.38186384909587
57840.0,45.35605430050129
57960.0,45.330275749140405
58080.0,45.30452815713667
58200.0,45.278811486660466
58320.0,45.253125699929
58440.0,45.22747075920628
58560.0,45.20184662680302
58680.0,45.176253265076625
58800.0,45.1506906364311
58920.0,45.125158703317005
59040.0,45.09965742823139
59160.0,45.07418677371774
59280.0,45.048746702365925
59400.0,45.02333717681213
59520.0,44.99795815973879
59640.0,44.972609613874575
59760.0,44.947291501994265
59880.0,44.922003786918744
60000.0,44.896746431514934
60120.0,44.87151939869572
60240.0,44.846322651419904
60360.0,44.82115615269215
60480.0,44.79601986556291
60600.0,44.770913753128404
60720.0,44.74583777853051
60840.0,44.72079190495675
60960.0,44.69577609564022
61080.0,44.67079031385953
61200.0,44.64583452293873
61320.0,44.62090868624729
61440.0,44.59601276720003
61560.0,44.57114672925704
61680.0,44.546310535923645
61800.0,44.52150415075035
61920.0,44.49672753733278
62040.0,44.471980659311605
62160.0,44.44726348037252
62280.0,44.42257596424616
62400.0,44.397918074708045
62520.0,44.37328977557854
62640.0,44.3486910307228
62760.0,44.32412180405068
62880.0,44.29958205951672
63000.0,44.27507176112008
63120.0,44.25059087290445
63240.0,44.22613935895805
63360.0,44.20171718341352
63480.0,44.1773243104479
63600.0,44.15296070428258
63720.0,44.1286263291832
63840.0,44.104321149459636
63960.0,44.080045129465944
64080.0,44.05579823360028
64200.0,44.03158042630485
64320.0,44.00739167206588
64440.0,43.983231935413535
64560.0,43.95910118092188
64680.0,43.9349993732088
64800.0,43.91092647693597
64920.0,43.886882456808806
65040.0,43.86286727757639
65160.0,43.83888090403142
65280.0,43.81492330101015
65400.0,43.790994433392356
65520.0,43.76709426610127
65640.0,43.743222764103514
65760.0,43.71937989240907
65880.0,43.69556561607121
66000.0,43.67177990018643
66120.0,43.64802270989443
66240.0,43.624294010378016
66360.0,43.6005937668631
66480.0,43.5769219446186
66600.0,43.5532785089564
66720.0,43.52966342523131
66840.0,43.506076658840996
66960.0,43.48251817522592
67080.0,43.45898793986932
67200.0,43.43548591829711
67320.0,43.41201207607788
67440.0,43.388566378822794
67560.0,43.365148792185565
67680.0,43.34175928186239
67800.0,43.31839781359189
67920.0,43.2950643531551
68040.0,43.27175886637534
68160.0,43.24848131911825
68280.0,43.225231677291646
68400.0,43.202009906845554
68520.0,43.1788159737721
68640.0,43.15564984410548
68760.0,43.132511483921895
68880.0,43.1094008593395
69000.0,43.08631793651838
69120.0,43.06326268166045
69240.0,43.04023506100943
69360.0,43.01723504085082
69480.0,42.994262587511784
69600.0,42.97131766736114
69720.0,42.94840024680931
69840.0,42.92551029230824
69960.0,42.902647770351386
70080.0,42.87981264747363
70200.0,42.85700489025124
70320.0,42.83422446530182
70440.0,42.81147133928427
70560.0,42.78874547889869
70680.0,42.76604685088639
70800.0,42.74337542202979
70920.0,42.7207311591524
71040.0,42.69811402911875
71160.0,42.67552399883433
71280.0,42.652961035245575
71400.0,42.63042510533978
71520.0,42.60791617614506
71640.0,42.585434214730306
71760.0,42.56297918820513
71880.0,42.54055106371979
72000.0,42.51814980846519
72120.0,42.49577538967278
72240.0,42.473427774614535
72360.0,42.45110693060289
72480.0,42.4288128249907
72600.0,42.40654542517118
72720.0,42.384304698577864
72840.0,42.36209061268453
72960.0,42.3399031350052
73080.0,42.31774223309403
73200.0,42.295607874545304
73320.0,42.27350002699336
73440.0,42.251418658112556
73560.0,42.2293637356172
73680.0,42.207335227261524
73800.0,42.185333100839614
73920.0,42.16335732418538
74040.0,42.14140786517248
74160.0,42.1194846917143
74280.0,42.09758777176388
74400.0,42.07571707331387
74520.0,42.053872564396485
74640.0,42.03205421308347
74760.0,42.010261987486025
74880.0,41.98849585575476
75000.0,41.966755786079666
75120.0,41.94504174669004
75240.0,41.923353705854446
75360.0,41.90169163188068
75480.0,41.880055493115705
75600.0,41.8584452579456
75720.0,41.83686089479551
75840.0,41.81530237212962
75960.0,41.79376965845109
76080.0,41.772262722301996
76200.0,41.7507815322633
76320.0,41.729326056954775
76440.0,41.707896265035004
76560.0,41.68649212520128
76680.0,41.6651136061896
76800.0,41.643760676774576
76920.0,41.62243330576941
77040.0,41.60113146202586
77160.0,41.57985511443416
77280.0,41.55860423192299
77400.0,41.53737878345943
77520.0,41.5161787380489
77640.0,41.49500406473512
77760.0,41.47385473260007
77880.0,41.452730710763916
78000.0,41.431631968385005
78120.0,41.410558474659766
78240.0,41.389510198822705
78360.0,41.36848711014634
78480.0,41.34748917794115
78600.0,41.326516371555535
78720.0,41.305568660375755
78840.0,41.28464601382591
78960.0,41.26374840136787
79080.0,41.24287579250123
79200.0,41.222028156763265
79320.0,41.2012054637289
79440.0,41.18040768301062
79560.0,41.159634784258486
79680.0,41.13888673716002
79800.0,41.118163511440216
79920.0,41.097465076861454
80040.0,41.076791403223474
80160.0,41.056142460363326
80280.0,41.03551821815531
80400.0,41.01491864651095
80520.0,40.994343715378925
80640.0,40.97379339474505
80760.0,40.95326765463221
80880.0,40.93276646510031
81000.0,40.91228979624624
81120.0,40.891837618203844
81240.0,40.871409901143835
81360.0,40.85100661527377
81480.0,40.83062773083801
81600.0,40.81027321811768
81720.0,40.78994304743059
81840.0,40.76963718913122
81960.0,40.74935561361066
82080.0,40.72909829129658
82200.0,40.70886519265316
82320.0,40.68865628818106
82440.0,40.66847154841737
82560.0,40.648310943935584
82680.0,40.628174445345515
82800.0,40.60806202329328
82920.0,40.587973648461244
83040.0,40.56790929156798
83160.0,40.54786892336822
83280.0,40.527852514652814
83400.0,40.50786003624868
83520.0,40.48789145901875
83640.0,40.467946753861945
83760.0,40.44802589171312
83880.0,40.42812884354303
84000.0,40.40825558035825
84120.0,40.38840607320118
84240.0,40.36858029314996
84360.0,40.34877821131845
84480.0,40.32899979885616
84600.0,40.30924502694825
84720.0,40.289513866815426
84840.0,40.26980628971395
84960.0,40.25012226693556
85080.0,40.230461769807455
85200.0,40.21082476969221
85320.0,40.19121123798777
85440.0,40.17162114612739
85560.0,40.152054465579596
85680.0,40.13251116784812
85800.0,40.112991224471905
85920.0,40.093494607025
86040.0,40.074021287116565
86160.0,40.05457123639079
86280.0,40.03514442652689
86400.0,40.01574082923903
86520.0,39.99636041627628
86640.0,39.977003159422615
86760.0,39.95766903049681
86880.0,39.938358001352434
87000.0,39.91907004387781
87120.0,39.89980512999595
87240.0,39.880563231664524
87360.0,39.861344320875816
87480.0,39.842148369656684
87600.0,39.8229753500685
87720.0,39.803825234207146
87840.0,39.78469799420291
87960.0,39.7655936022205
88080.0,39.74651203045897
88200.0,39.7274532511517
88320.0,39.70841723656632
88440.0,39.68940395900469
88560.0,39.67041339080287
88680.0,39.65144550433104
88800.0,39.6325002719935
88920.0,39.61357766622858
89040.0,39.59467765950863
89160.0,39.57580022434
89280.0,39.556945333262924
89400.0,39.538112958851556
89520.0,39.51930307371388
89640.0,39.50051565049168
89760.0,39.481750661860495
89880.0,39.4630080805296
90000.0,39.44428787924193
90120.0,39.42559003077405
90240.0,39.40691450793614
90360.0,39.38826128357191
90480.0,39.369630330558564
90600.0,39.351021621806794
90720.0,39.33243513026071
90840.0,39.31387082889781
90960.0,39.29532869072892
91080.0,39.27680868879818
91200.0,39.25831079618296
91320.0,39.23983498599389
91440.0,39.22138123137473
91560.0,39.202949505502396
91680.0,39.18453978158689
91800.0,39.16615203287128
91920.0,39.14778623263162
92040.0,39.12944235417693
92160.0,39.111120370849186
92280.0,39.09282025602323
92400.0,39.07454198310675
92520.0,39.05628552554023
92640.0,39.03805085679694
92760.0,39.01983795038285
92880.0,39.00164677983662
93000.0,38.98347731872955
93120.0,38.96532954066554
93240.0,38.94720341928106
93360.0,38.929098928245075
93480.0,38.91101604125904
93600.0,38.89295473205685
93720.0,38.8749149744048
93840.0,38.85689674210154
93960.0,38.83890000897802
94080.0,38.82092474889749
94200.0,38.80297093575542
94320.0,38.78503854347947
94440.0,38.767127546029485
94560.0,38.74923791739739
94680.0,38.7313696316072
94800.0,38.71352266271498
94920.0,38.69569698480876
95040.0,38.67789257200855
95160.0,38.66010939846627
95280.0,38.642347438365704
95400.0,38.624606665922485
95520.0,38.606887055384036
95640.0,38.58918858102954
95760.0,38.57151121716989
95880.0,38.553854938147666
96000.0,38.53621971833708
96120.0,38.51860553214394
96240.0,38.50101235400562
96360.0,38.483440158391005
96480.0,38.46588891980048
96600.0,38.44835861276584
96720.0,38.4308492118503
96840.0,38.41336069164845
96960.0,38.39589302678618
97080.0,38.37844619192068
97200.0,38.36102016174038
97320.0,38.34361491096491
97440.0,38.326230414345076
97560.0,38.30886664666282
97680.0,38.29152358273116
97800.0,38.27420119739417
97920.0,38.256899465526935
98040.0,38.23961836203552
98160.0,38.22235786185692
98280.0,38.20511793995903
98400.0,38.187898571340604
98520.0,38.170699731031206
98640.0,38.15352139409119
98760.0,38.136363535611665
98880.0,38.11922613071442
99000.0,38.10210915455191
99120.0,38.08501258230725
99240.0,38.06793638919411
99360.0,38.05088055045673
99480.0,38.033845041369865
99600.0,38.01682983723874
99720.0,37.999834913399006
99840.0,37.98286024521674
99960.0,37.965905808088365
100080.0,37.94897157744062
100200.0,37.93205752873055
100320.0,37.91516363744544
100440.0,37.89828987910277
100560.0,37.88143622925022
100680.0,37.86460266346558
100800.0,37.847789157356765
100920.0,37.83099568656173
101040.0,37.814222226748456
101160.0,37.797468753614915
101280.0,37.78073524288902
101400.0,37.7640216703286
101520.0,37.747328011721365
101640.0,37.730654242884846
101760.0,37.71400033966638
101880.0,37.69736627794306
102000.0,37.68075203362172
102120.0,37.66415758263887
102240.0,37.64758290096067
102360.0,37.6310279645829
102480.0,37.6144927495309
102600.0,37.59797723185958
102720.0,37.58148138765333
102840.0,37.565005193026
102960.0,37.548548624120905
103080.0,37.53211165711072
103200.0,37.515694268197485
103320.0,37.49929643361257
103440.0,37.482918129616614
103560.0,37.466559332499514
103680.0,37.45022001858037
103800.0,37.43390016420746
103920.0,37.417599745758196
104040.0,37.4013187396391
104160.0,37.38505712228575
104280.0,37.36881487016276
104400.0,37.35259195976372
104520.0,37.3363883676112
104640.0,37.32020407025668
104760.0,37.30403904428052
104880.0,37.28789326629194
105000.0,37.27176671292895
105120.0,37.25565936085837
105240.0,37.23957118677573
105360.0,37.22350216740528
105480.0,37.20745227949994
105600.0,37.19142149984126
105720.0,37.17540980523939
105840.0,37.15941717253304
105960.0,37.14344357858944
106080.0,37.12748900030432
106200.0,37.11155341460187
106320.0,37.0956367984347
106440.0,37.07973912878378
106560.0,37.06386038265846
106680.0,37.04800053709639
106800.0,37.032159569163504
106920.0,37.016337455953966
107040.0,37.000534174590165
107160.0,36.98474970222266
107280.0,36.968984016030134
107400.0,36.9532370932194
107520.0,36.93750891102531
107640.0,36.92179944671077
107760.0,36.90610867756667
107880.0,36.890436580911874
108000.0,36.87478313409317
108120.0,36.85914831448524
108240.0,36.843532099490616
108360.0,36.82793446653967
108480.0,36.81235539309056
108600.0,36.7967948566292
108720.0,36.7812528346692
108840.0,36.76572930475189
108960.0,36.750224244446244
109080.0,36.73473763134883
109200.0,36.719269443083824
109320.0,36.70381965730294
109440.0,36.6883882516854
109560.0,36.67297520393792
109680.0,36.65758049179466
109800.0,36.64220409301717
109920.0,36.626845985394404
110040.0,36.61150614674264
110160.0,36.59618455490548
110280.0,36.580881187753775
110400.0,36.565596023185655
110520.0,36.550329039126424
110640.0,36.53508021352858
110760.0,36.51984952437175
110880.0,36.50463694966267
111000.0,36.48944246743514
111120.0,36.474266055750014
111240.0,36.45910769269514
111360.0,36.443967356385336
111480.0,36.42884502496236
111600.0,36.41374067659486
111720.0,36.39865428947839
111840.0,36.3835858418353
111960.0,36.36853531191477
112080.0,36.353502677992736
112200.0,36.338487918371875
112320.0,36.32349101138157
112440.0,36.30851193537787
112560.0,36.29355066874347
112680.0,36.27860718988765
112800.0,36.26368147724628
112920.0,36.248773509281754
113040.0,36.23388326448298
113160.0,36.21901072136532
113280.0,36.2041558584706
113400.0,36.189318654367035
113520.0,36.17449908764922
113640.0,36.15969713693808
113760.0,36.14491278088086
113880.0,36.130145998151065
114000.0,36.11539676744845
114120.0,36.10066506749899
114240.0,36.08595087705481
114360.0,36.07125417489421
114480.0,36.056574939821566
114600.0,36.04191315066736
114720.0,36.02726878628811
114840.0,36.01264182556635
114960.0,35.998032247410585
115080.0,35.98344003075529
115200.0,35.96886515456084
115320.0,35.9543075978135
115440.0,35.93976733952539
115560.0,35.92524435873444
115680.0,35.91073863450438
115800.0,35.8962501459247
115920.0,35.88177887211058
116040.0,35.867324792202936
116160.0,35.85288788536832
116280.0,35.83846813079891
116400.0,35.82406550771249
116520.0,35.809679995352404
116640.0,35.79531157298753
116760.0,35.78096021991224
116880.0,35.76662591544638
117000.0,35.75230863893524
117120.0,35.7380083697495
117240.0,35.723725087285224
117360.0,35.70945877096382
117480.0,35.695209400231995
117600.0,35.68097695456175
117720.0,35.66676141345032
117840.0,35.65256275642016
117960.0,35.638380963018925
118080.0,35.6242160128194
118200.0,35.61006788541952
118320.0,35.595936560442276
118440.0,35.58182201753575
118560.0,35.56772423637303
118680.0,35.55364319665222
118800.0,35.53957887809637
118920.0,35.52553126045349
119040.0,35.51150032349648
119160.0,35.49748604702311
119280.0,35.483488410856
119400.0,35.46950739484257
119520.0,35.45554297885505
119640.0,35.44159514279038
119760.0,35.42766386657025
119880.0,35.413749130141014
120000.0,35.3998509134737
120120.0,35.385969196563956
120240.0,35.37210395943203
120360.0,35.35825518212274
120480.0,35.34442284470543
120600.0,35.33060692727394
120720.0,35.316807409946605
120840.0,35.303024272866196
120960.0,35.28925749619989
121080.0,35.27550706013925
121200.0,35.261772944900194
121320.0,35.24805513072297
121440.0,35.234353597872094
121560.0,35.22066832663637
121680.0,35.20699929732882
121800.0,35.193346490286665
121920.0,35.179709885871304
122040.0,35.16608946446827
122160.0,35.15248520648722
122280.0,35.13889709236188
122400.0,35.12532510255003
122520.0,35.11176921753347
122640.0,35.098229417818
122760.0,35.084705683933365
122880.0,35.071197996433256
123000.0,35.05770633589526
123120.0,35.04423068292085
123240.0,35.03077101813531
123360.0,35.017327322187775
123480.0,35.003899575751134
123600.0,34.99048775952204
123720.0,34.97709185422087
123840.0,34.96371184059171
123960.0,34.95034769940228
124080.0,34.936999411443956
124200.0,34.92366695753172
124320.0,34.91035031850413
124440.0,34.897049475223284
124560.0,34.883764408574805
124680.0,34.87049509946781
124800.0,34.85724152883486
124920.0,34.844003677631974
125040.0,34.83078152683854
125160.0,34.81757505745734
125280.0,34.80438425051449
125400.0,34.79120908705942
125520.0,34.77804954816486
125640.0,34.764905614926775
125760.0,34.75177726846437
125880.0,34.738664489920055
126000.0,34.72556726045939
126120.0,34.7124855612711
126240.0,34.699419373567
126360.0,34.68636867858199
126480.0,34.67333345757405
126600.0,34.660313691824165
126720.0,34.647309362636314
126840.0,34.63432045133746
126960.0,34.621346939277494
127080.0,34.60838880782922
127200.0,34.59544603838834
127320.0,34.58251861237339
127440.0,34.56960651122575
127560.0,34.55670971640958
127680.0,34.54382820941182
127800.0,34.53096197174216
127920.0,34.51811098493299
128040.0,34.50527523053939
128160.0,34.49245469013909
128280.0,34.47964934533246
128400.0,34.466859177742464
128520.0,34.45408416901464
128640.0,34.44132430081707
128760.0,34.42857955484035
128880.0,34.41584991279756
129000.0,34.40313535642426
129120.0,34.39043586747841
129240.0,34.37775142774041
129360.0,34.36508201901301
129480.0,34.352427623121315
129600.0,34.33978822191276
129720.0,34.32716379725707
129840.0,34.31455433104623
129960.0,34.30195980519447
130080.0,34.28938020163822
130200.0,34.2768155023361
130320.0,34.26426568926888
130440.0,34.25173074443947
130560.0,34.23921064987287
130680.0,34.22670538761615
130800.0,34.21421493973843
130920.0,34.201739288330856
131040.0,34.18927841550654
131160.0,34.17683230340059
131280.0,34.16440093417001
131400.0,34.15198428999375
131520.0,34.13958235307262
131640.0,34.12719510562929
131760.0,34.11482252990826
131880.0,34.10246460817582
132000.0,34.09012132272005
132120.0,34.07779265585076
132240.0,34.06547858989948
132360.0,34.053179107219435
132480.0,34.04089419018552
132600.0,34.02862382119425
132720.0,34.01636798266378
132840.0,34.00412665703382
132960.0,33.99189982676565
133080.0,33.979687474342086
133200.0,33.96748958226743
133320.0,33.95530613306749
133440.0,33.94313710928949
133560.0,33.9309824935021
133680.0,33.918842268295386
133800.0,33.90671641628077
133920.0,33.894604920091034
134040.0,33.882507762380264
134160.0,33.87042492582385
134280.0,33.858356393118434
134400.0,33.846302146981905
134520.0,33.83426217015336
134640.0,33.82223644539308
134760.0,33.810224955482504
134880.0,33.798227683224205
135000.0,33.786244611441866
135120.0,33.77427572298025
135240.0,33.762321000705164
135360.0,33.75038042750346
135480.0,33.73845398628297
135600.0,33.72654165997252
135720.0,33.71464343152187
135840.0,33.70275928390172
135960.0,33.690889200103655
136080.0,33.67903316314013
136200.0,33.66719115604447
136320.0,33.65536316187078
136440.0,33.643549163694
136560.0,33.6317491446098
136680.0,33.61996308773462
136800.0,33.6081909762056
136920.0,33.59643279318058
137040.0,33.58468852183807
137160.0,33.57295814537719
137280.0,33.561241647017724
137400.0,33.54953901
137520.0,33.53785021758492
137640.0,33.52617525305393
137760.0,33.51451409970898
137880.0,33.50286674087253
138000.0,33.49123315988746
138120.0,33.47961334011711
138240.0,33.468007264945236
138360.0,33.45641491777596
138480.0,33.44483628203377
138600.0,33.43327134116349
138720.0,33.42172007863025
138840.0,33.41018247791947
138960.0,33.39865852253682
139080.0,33.387148196008205
139200.0,33.37565148187974
139320.0,33.36416836371773
139440.0,33.35269882510862
139560.0,33.341242849659
139680.0,33.32980042099556
139800.0,33.318371522765084
139920.0,33.306956138634405
140040.0,33.29555425229039
140160.0,33.284165847439915
140280.0,33.27279090780984
140400.0,33.261429417146985
140520.0,33.2500813592181
140640.0,33.238746717809846
140760.0,33.22742547672876
140880.0,33.21611761980125
141000.0,33.204823130873564
141120.0,33.193541993811735
141240.0,33.1822741925016
141360.0,33.17101971084876
141480.0,33.15977853277854
141600.0,33.14855064223599
141720.0,33.13733602318583
141840.0,33.12613465961246
141960.0,33.11494653551991
142080.0,33.10377163493183
142200.0,33.09260994189145
142320.0,33.08146144046158
142440.0,33.07032611472456
142560.0,33.05920394878225
142680.0,33.048094926755994
142800.0,33.03699903278662
142920.0,33.02591625103439
143040.0,33.014846565678994
143160.0,33.00378996091951
143280.0,32.9927464209744
143400.0,32.98171593008146
143520.0,32.97069847249781
143640.0,32.95969403249988
143760.0,32.948702594383384
143880.0,32.93772414246326
144000.0,32.9267586610737
144120.0,32.91580613456808
144240.0,32.904866547318974
144360.0,32.89393988371811
144480.0,32.88302612817634
144600.0,32.87212526512363
144720.0,32.86123727900903
144840.0,32.850362154300655
144960.0,32.83949987548566
145080.0,32.8286504270702
145200.0,32.81781379357945
145320.0,32.80698995955751
145440.0,32.796178909567466
145560.0,32.785380628191305
145680.0,32.774595100029906
145800.0,32.76382230970303
145920.0,32.753062241849285
146040.0,32.742314881126106
146160.0,32.73158021220973
146280.0,32.72085821979517
146400.0,32.71014888859621
146520.0,32.69945220334535
146640.0,32.68876814879381
146760.0,32.6780967097115
146880.0,32.66743787088698
147000.0,32.65679161712746
147120.0,32.64615793325877
147240.0,32.63553680412532
147360.0,32.62492821459011
147480.0,32.61433214953468
147600.0,32.603748593859095
147720.0,32.59317753248191
147840.0,32.582618950340176
147960.0,32.5720728323894
148080.0,32.56153916360351
148200.0,32.55101792897486
148320.0,32.540509113514176
148440.0,32.53001270225056
148560.0,32.519528680231446
148680.0,32.5090570325226
148800.0,32.49859774420807
148920.0,32.488150800390194
149040.0,32.47771618618955
149160.0,32.46729388674494
149280.0,32.45688388721339
149400.0,32.446486172770086
149520.0,32.436100728608395
149640.0,32.425727539939814
149760.0,32.41536659199395
149880.0,32.40501787001852
150000.0,32.39468135927929
150120.0,32.384357045060085
150240.0,32.37404491266276
150360.0,32.36374494740718
150480.0,32.353457134631164
150600.0,32.34318145969052
150720.0,32.33291790795897
150840.0,32.32266646482817
150960.0,32.31242711570765
151080.0,32.30219984602483
151200.0,32.29198464122495
151320.0,32.28178148677111
151440.0,32.27159036814418
151560.0,32.26141127084284
151680.0,32.251244180383516
151800.0,32.24108908230036
151920.0,32.23094596214527
152040.0,32.220814805487805
152160.0,32.21069559791522
152280.0,32.2005883250324
152400.0,32.190492972461875
152520.0,32.18040952584377
152640.0,32.1703379708358
152760.0,32.160278293113244
152880.0,32.15023047836891
153000.0,32.14019451231314
153120.0,32.130170380673746
153240.0,32.12015806919605
153360.0,32.110157563642815
153480.0,32.10016884979422
153600.0,32.09019191344788
153720.0,32.08022674041878
153840.0,32.07027331653928
153960.0,32.06033162765908
154080.0,32.05040165964521
154200.0,32.040483398382
154320.0,32.030576829771064
154440.0,32.020681939731276
154560.0,32.01079871419874
154680.0,32.000927139126794
154800.0,31.99106720048595
154920.0,31.98121888426391
155040.0,31.971382176465525
155160.0,31.961557063112775
155280.0,31.951743530244755
155400.0,31.94194156391765
155520.0,31.932151150204703
155640.0,31.922372275196217
155760.0,31.912604924999513
155880.0,31.90284908573892
156000.0,31.893104743555753
156120.0,31.88337188460828
156240.0,31.873650495071722
156360.0,31.86394056113821
156480.0,31.854242069016788
156600.0,31.844555004933365
156720.0,31.834879355130713
156840.0,31.825215105868445
156960.0,31.815562243422985
157080.0,31.805920754087555
157200.0,31.796290624172148
157320.0,31.786671840003514
157440.0,31.777064387925133
157560.0,31.7674682542972
157680.0,31.757883425496598
157800.0,31.748309887916882
157920.0,31.738747627968255
158040.0,31.729196632077556
158160.0,31.719656886688224
158280.0,31.710128378260293
158400.0,31.70061109327036
158520.0,31.691105018211573
158640.0,31.6816101395936
158760.0,31.672126443942627
158880.0,31.66265391780131
159000.0,31.653192547728786
159120.0,31.64374232030062
159240.0,31.634303222108816
159360.0,31.624875239761774
159480.0,31.61545835988428
159600.0,31.606052569117484
159720.0,31.596657854118877
159840.0,31.587274201562277
159960.0,31.5779015981378
160080.0,31.568540030551844
160200.0,31.559189485527074
160320.0,31.549849949802393
160440.0,31.54052141013293
160560.0,31.53120385329001
160680.0,31.521897266061142
160800.0,31.51260163525
160920.0,31.5033169476764
161040.0,31.494043190176274
161160.0,31.48478034960166
161280.0,31.475528412820676
161400.0,31.466287366717502
161520.0,31.457057198192363
161640.0,31.447837894161502
161760.0,31.438629441557165
161880.0,31.42943182732758
162000.0,31.420245038436942
162120.0,31.411069061865383
162240.0,31.40190388460896
162360.0,31.392749493679634
162480.0,31.383605876105253
162600.0,31.37447301892952
162720.0,31.365350909211994
162840.0,31.35623953402805
162960.0,31.34713888046887
163080.0,31.338048935641417
163200.0,31.328969686668433
163320.0,31.319901120688396
163440.0,31.31084322485551
163560.0,31.301795986339695
163680.0,31.29275939232655
163800.0,31.283733430017342
163920.0,31.274718086628997
164040.0,31.265713349394066
164160.0,31.256719205560703
164280.0,31.247735642392666
164400.0,31.238762647169274
164520.0,31.229800207185406
164640.0,31.220848309751467
164760.0,31.21190694219338
164880.0,31.202976091852562
165000.0,31.19405574608591
165120.0,31.185145892265766
165240.0,31.176246517779923
165360.0,31.167357610031583
165480.0,31.15847915643935
165600.0,31.149611144437202
165720.0,31.14075356147449
165840.0,31.1319063950159
165960.0,31.123069632541437
166080.0,31.114243261546417
166200.0,31.105427269541433
166320.0,31.096621644052355
166440.0,31.08782637262029
166560.0,31.07904144280158
166680.0,31.07026684216777
166800.0,31.061502558305598
166920.0,31.052748578816978
167040.0,31.044004891318973
167160.0,31.03527148344378
167280.0,31.026548342838712
167400.0,31.01783545716618
167520.0,31.00913281410367
167640.0,31.000440401343727
167760.0,30.991758206593946
167880.0,30.983086217576933
168000.0,30.9744244220303
168120.0,30.965772807706642
168240.0,30.95713136237353
168360.0,30.948500073813474
168480.0,30.939878929823916
168600.0,30.93126791821721
168720.0,30.922667026820594
168840.0,30.914076243476195
168960.0,30.905495556040982
169080.0,30.89692495238677
169200.0,30.888364420400183
169320.0,30.879813947982658
169440.0,30.871273523050405
169560.0,30.8627431335344
169680.0,30.854222767380367
169800.0,30.845712412548753
169920.0,30.837212057014714
170040.0,30.828721688768102
170160.0,30.820241295813435
170280.0,30.811770866169894
170400.0,30.80331038787129
170520.0,30.79485984896605
170640.0,30.786419237517205
170760.0,30.77798854160237
170880.0,30.76956774931372
171000.0,30.761156848757977
171120.0,30.752755828056394
171240.0,30.744364675344727
171360.0,30.73598337877323
171480.0,30.727611926506633
171600.0,30.719250306724113
171720.0,30.710898507619294
171840.0,30.702556517400218
171960.0,30.694224324289326
172080.0,30.68590191652345
172200.0,30.677589282353782
172320.0,30.669286410045867
172440.0,30.660993287879585
172560.0,30.65270990414912
172680.0,30.64443624716296
172800.0,30.636172305243868
172920.0,30.627918066728867
173040.0,30.619673519969226
173160.0,30.61143865333044
173280.0,30.6032134551922
173400.0,30.594997913948408
173520.0,30.586792018007117
173640.0,30.57859575579055
173760.0,30.57040911573506
173880.0,30.562232086291125
174000.0,30.55406465592332
174120.0,30.545906813110307
174240.0,30.53775854634482
174360.0,30.529619844133638
174480.0,30.521490694997574
174600.0,30.51337108747146
174720.0,30.505261010104118
174840.0,30.49716045145836
174960.0,30.489069400110957
175080.0,30.480987844652624
175200.0,30.472915773688012
175320.0,30.464853175835675
175440.0,30.45680003972807
175560.0,30.448756354011525
175680.0,30.440722107346232
175800.0,30.432697288406228
175920.0,30.424681885879366
176040.0,30.41667588846732
176160.0,30.408679284885547
176280.0,30.400692063863286
176400.0,30.392714214143524
176520.0,30.384745724482997
176640.0,30.376786583652162
176760.0,30.36883678043518
176880.0,30.360896303629907
177000.0,30.352965142047868
177120.0,30.345043284514244
177240.0,30.337130719867858
177360.0,30.32922743696115
177480.0,30.32133342466017
177600.0,30.313448671844554
177720.0,30.30557316740751
177840.0,30.297706900255797
177960.0,30.28984985930972
178080.0,30.282002033503097
178200.0,30.27416341178326
178320.0,30.26633398311102
178440.0,30.258513736460667
178560.0,30.250702660819936
178680.0,30.24290074519001
178800.0,30.235107978585486
178920.0,30.227324350034365
179040.0,30.219549848578044
179160.0,30.211784463271282
179280.0,30.204028183182203
179400.0,30.19628099739226
179520.0,30.188542894996235
179640.0,30.180813865102213
179760.0,30.173093896831563
179880.0,30.165382979318935
180000.0,30.15768110171223
180120.0,30.149988253172594
180240.0,30.14230442287439
180360.0,30.13462960000519
180480.0,30.12696377376576
180600.0,30.119306933370037
180720.0,30.111659068045117
180840.0,30.10402016703124
180960.0,30.096390219581767
181080.0,30.088769214963175
181200.0,30.081157142455027
181320.0,30.073553991349968
181440.0,30.065959750953702
181560.0,30.058374410584978
181680.0,30.050797959575576
181800.0,30.04323038727028
181920.0,30.035671683026884
182040.0,30.02812183621615
182160.0,30.02058083622181
182280.0,30.013048672440544
182400.0,30.005525334281963
182520.0,29.998010811168594
182640.0,29.99050509253587
182760.0,29.983008167832097
182880.0,29.975520026518456
183000.0,29.968040658068986
183120.0,29.960570051970553
183240.0,29.953108197722845
183360.0,29.94565508483836
183480.0,29.938210702842387
183600.0,29.930775041272977
183720.0,29.92334808968095
183840.0,29.915929837629857
183960.0,29.908520274695988
184080.0,29.90111939046833
184200.0,29.893727174548577
184320.0,29.88634361655109
184440.0,29.878968706102903
184560.0,29.871602432843687
184680.0,29.864244786425758
184800.0,29.856895756514035
184920.0,29.849555332786046
185040.0,29.842223504931905
185160.0,29.834900262654287
185280.0,29.82758559566843
185400.0,29.820279493702106
185520.0,29.81298194649561
185640.0,29.80569294380175
185760.0,29.798412475385813
185880.0,29.791140531025576
186000.0,29.783877100511273
186120.0,29.77662217364558
186240.0,29.76937574024361
186360.0,29.762137790132886
186480.0,29.75490831315333
186600.0,29.747687299157253
186720.0,29.740474738009333
186840.0,29.733270619586598
186960.0,29.72607493377842
187080.0,29.718887670486495
187200.0,29.71170881962482
187320.0,29.704538371119693
187440.0,29.697376314909683
187560.0,29.690222640945628
187680.0,29.683077339190604
187800.0,29.67594039961993
187920.0,29.668811812221133
188040.0,29.661691566993948
188160.0,29.654579653950297
188280.0,29.64747606311427
188400.0,29.640380784522115
188520.0,29.633293808222223
188640.0,29.626215124275113
188760.0,29.61914472275341
188880.0,29.612082593741846
189000.0,29.605028727337224
189120.0,29.597983113648418
189240.0,29.590945742796357
189360.0,29.58391660491401
189480.0,29.576895690146355
189600.0,29.56988298865039
189720.0,29.562878490595104
189840.0,29.55588218616146
189960.0,29.54889406554238
190080.0,29.54191411894275
190200.0,29.534942336579373
190320.0,29.52797870868098
190440.0,29.5210232254882
190560.0,29.514075877253557
190680.0,29.507136654241446
190800.0,29.50020554672812
190920.0,29.493282545001687
191040.0,29.486367639362076
191160.0,29.479460820121034
191280.0,29.472562077602113
191400.0,29.46567140214065
191520.0,29.458788784083755
191640.0,29.451914213790293
191760.0,29.445047681630875
191880.0,29.43818917798784
192000.0,29.431338693255242
192120.0,29.424496217838833
192240.0,29.417661742156053
192360.0,29.41083525663601
192480.0,29.40401675171947
192600.0,29.397206217858844
192720.0,29.390403645518166
192840.0,29.383609025173087
192960.0,29.376822347310856
193080.0,29.370043602430307
193200.0,29.363272781041843
193320.0,29.356509873667424
193440.0,29.349754870840552
193560.0,29.343007763106257
193680.0,29.336268541021084
193800.0,29.329537195153076
193920.0,29.322813716081757
194040.0,29.31609809439813
194160.0,29.309390320704644
194280.0,29.3026903856152
194400.0,29.29599827975512
194520.0,29.28931399376115
194640.0,29.28263751828143
194760.0,29.275968843975484
194880.0,29.269307961514208
195000.0,29.262654861579865
195120.0,29.256009534866052
195240.0,29.2493719720777
195360.0,29.242742163931055
195480.0,29.236120101153666
195600.0,29.229505774484373
195720.0,29.222899174673284
195840.0,29.21630029248177
195960.0,29.209709118682447
196080.0,29.203125644059167
196200.0,29.196549859407
196320.0,29.18998175553222
196440.0,29.183421323252286
196560.0,29.176868553395845
196680.0,29.1703234368027
196800.0,29.163785964323804
196920.0,29.15725612682125
197040.0,29.150733915168246
197160.0,29.144219320249114
197280.0,29.137712332959268
197400.0,29.131212944205206
197520.0,29.124721144904488
197640.0,29.118236925985734
197760.0,29.111760278388598
197880.0,29.105291193063763
198000.0,29.09882966097293
198120.0,29.09237567308878
198240.0,29.08592922039501
198360.0,29.07949029388626
198480.0,29.073058884568145
198600.0,29.06663498345722
198720.0,29.06021858158097
198840.0,29.053809669977802
198960.0,29.047408239697024
199080.0,29.041014281798837
199200.0,29.034627787354317
199320.0,29.028248747445407
199440.0,29.021877153164898
199560.0,29.01551299561642
199680.0,29.009156265914427
199800.0,29.002806955184184
199920.0,28.99646505456175
200040.0,28.990130555193975
200160.0,28.983803448238472
200280.0,28.977483724863614
200400.0,28.97117137624852
200520.0,28.964866393583037
200640.0,28.95856876806773
200760.0,28.952278490913873
200880.0,28.945995553343423
201000.0,28.93971994658902
201120.0,28.93345166189397
201240.0,28.927190690512226
201360.0,28.920937023708387
201480.0,28.914690652757667
201600.0,28.9084515689459
201720.0,28.902219763569516
201840.0,28.895995227935533
201960.0,28.88977795336154
202080.0,28.88356793117569
202200.0,28.877365152716678
202320.0,28.871169609333734
202440.0,28.86498129238661
202560.0,28.858800193245564
202680.0,28.852626303291355
202800.0,28.84645961391522
202920.0,28.840300116518858
203040.0,28.834147802514437
203160.0,28.82800266332456
203280.0,28.821864690382267
203400.0,28.815733875131006
203520.0,28.80961020902464
203640.0,28.803493683527417
203760.0,28.797384290113968
203880.0,28.791282020269286
204000.0,28.78518686548872
204120.0,28.77909881727796
204240.0,28.773017867153023
204360.0,28.766944006640244
204480.0,28.76087722727626
204600.0,28.754817520607993
204720.0,28.748764878192645
204840.0,28.742719291597687
204960.0,28.736680752400833
205080.0,28.730649252190045
205200.0,28.724624782563502
205320.0,28.718607335129608
205440.0,28.71259690150696
205560.0,28.706593473324343
205680.0,28.700597042220725
205800.0,28.694607599845234
205920.0,28.688625137857148
206040.0,28.682649647925885
206160.0,28.67668112173099
206280.0,28.670719550962122
206400.0,28.664764927319037
206520.0,28.65881724251158
206640.0,28.65287648825968
206760.0,28.64694265629332
206880.0,28.64101573835254
207000.0,28.635095726187416
207120.0,28.629182611558054
207240.0,28.623276386234576
207360.0,28.6173770419971
207480.0,28.61148457063573
207600.0,28.605598963950563
207720.0,28.599720213751645
207840.0,28.593848311858984
207960.0,28.587983250102525
208080.0,28.582125020322138
208200.0,28.576273614367615
208320.0,28.57042902409865
208440.0,28.56459124138483
208560.0,28.558760258105615
208680.0,28.552936066150338
208800.0,28.547118657418185
208920.0,28.541308023818186
209040.0,28.535504157269198
209160.0,28.5297070496999
209280.0,28.523916693048783
209400.0,28.518133079264118
209520.0,28.51235620030397
209640.0,28.50658604813617
209760.0,28.50082261473831
209880.0,28.495065892097724
210000.0,28.48931587221148
210120.0,28.483572547086375
210240.0,28.47783590873891
210360.0,28.472105949195285
210480.0,28.466382660491387
210600.0,28.46066603467278
210720.0,28.454956063794686
210840.0,28.44925273992198
210960.0,28.443556055129175
211080.0,28.43786600150041
211200.0,28.43218257112944
211320.0,28.426505756119624
211440.0,28.42083554858391
211560.0,28.415171940644825
211680.0,28.40951492443447
211800.0,28.40386449209449
211920.0,28.398220635776084
212040.0,28.39258334763998
212160.0,28.386952619856427
212280.0,28.38132844460518
212400.0,28.375710814075497
212520.0,28.370099720466115
212640.0,28.364495155985246
212760.0,28.358897112850567
212880.0,28.353305583289206
213000.0,28.347720559537724
213120.0,28.342142033842112
213240.0,28.33656999845778
213360.0,28.331004445649537
213480.0,28.325445367691586
213600.0,28.31989275686751
213720.0,28.314346605470266
213840.0,28.30880690580216
213960.0,28.30327365017485
214080.0,28.29774683090933
214200.0,28.29222644033591
214320.0,28.286712470794217
214440.0,28.28120491463318
214560.0,28.27570376421101
214680.0,28.270209011895197
214800.0,28.264720650062504
214920.0,28.259238671098938
215040.0,28.253763067399756
215160.0,28.248293831369445
215280.0,28.242830955421713
215400.0,28.237374431979475
215520.0,28.231924253474844
215640.0,28.226480412349115
215760.0,28.22104290105277
215880.0,28.21561171204544
216000.0,28.21018683779592
216120.0,28.204768270782136
216240.0,28.199356003491154
216360.0,28.19395002841915
216480.0,28.188550338071412
216600.0,28.183156924962322
216720.0,28.17776978161535
216840.0,28.172388900563035
216960.0,28.167014274346982
217080.0,28.161645895517843
217200.0,28.156283756635318
217320.0,28.15092785026813
217440.0,28.145578168994017
217560.0,28.140234705399735
217680.0,28.134897452081027
217800.0,28.129566401642624
217920.0,28.124241546698226
218040.0,28.1189228798705
218160.0,28.113610393791063
218280.0,28.108304081100474
218400.0,28.10300393444822
218520.0,28.09770994649271
218640.0,28.092422109901253
218760.0,28.087140417350064
218880.0,28.081864861524235
219000.0,28.076595435117735
219120.0,28.0713321308334
219240.0,28.06607494138292
219360.0,28.06082385948682
219480.0,28.055578877874463
219600.0,28.050339989284026
219720.0,28.045107186462502
219840.0,28.039880462165677
219960.0,28.034659809158125
220080.0,28.0294452202132
220200.0,28.024236688113024
220320.0,28.019034205648467
220440.0,28.013837765619147
220560.0,28.008647360833415
220680.0,28.003462984108346
220800.0,27.99828462826973
220920.0,27.993112286152055
221040.0,27.987945950598498
221160.0,27.98278561446092
221280.0,27.977631270599847
221400.0,27.97248291188447
221520.0,27.967340531192622
221640.0,27.962204121410778
221760.0,27.95707367543404
221880.0,27.951949186166118
222000.0,27.946830646519334
222120.0,27.941718049414607
222240.0,27.93661138778144
222360.0,27.931510654557904
222480.0,27.926415842690638
222600.0,27.921326945134833
222720.0,27.916243954854224
222840.0,27.911166864821073
222960.0,27.906095668016164
223080.0,27.901030357428798
223200.0,27.89597092605677
223320.0,27.890917366906365
223440.0,27.88586967299235
223560.0,27.88082783733796
223680.0,27.875791852974892
223800.0,27.87076171294328
223920.0,27.86573741029171
224040.0,27.860718938077188
224160.0,27.855706289365134
224280.0,27.85069945722938
224400.0,27.845698434752148
224520.0,27.840703215024053
224640.0,27.835713791144087
224760.0,27.830730156219598
224880.0,27.825752303366293
225000.0,27.82078022570823
225120.0,27.81581391637779
225240.0,27.81085336851569
225360.0,27.80589857527095
225480.0,27.800949529800906
225600.0,27.796006225271174
225720.0,27.791068654855664
225840.0,27.78613681173655
225960.0,27.78121068910428
226080.0,27.776290280157546
226200.0,27.771375578103285
226320.0,27.766466576156667
226440.0,27.76156326754108
226560.0,27.756665645488138
226680.0,27.75177370323764
226800.0,27.746887434037586
226920.0,27.742006831144156
227040.0,27.737131887821707
227160.0,27.73226259734275
227280.0,27.72739895298795
227400.0,27.722540948046117
227520.0,27.71768857581419
227640.0,27.71284182959723
227760.0,27.708000702708414
227880.0,27.70316518846901
228000.0,27.698335280208394
228120.0,27.693510971264008
228240.0,27.688692254981376
228360.0,27.68387912471408
228480.0,27.67907157382375
228600.0,27.674269595680077
228720.0,27.66947318366076
228840.0,27.664682331151532
228960.0,27.65989703154614
229080.0,27.65511727824633
229200.0,27.650343064661843
229320.0,27.645574384210402
229440.0,27.640811230317706
229560.0,27.636053596417412
229680.0,27.631301475951133
229800.0,27.62655486236843
229920.0,27.62181374912679
230040.0,27.617078129691635
230160.0,27.612347997536293
230280.0,27.607623346142
230400.0,27.602904168997885
230520.0,27.598190459600964
230640.0,27.59348221145613
230760.0,27.588779418076143
230880.0,27.584082072981616
231000.0,27.57939016970101
231120.0,27.574703701770623
231240.0,27.570022662734583
231360.0,27.565347046144833
231480.0,27.560676845561122
231600.0,27.556012054551
231720.0,27.551352666689812
231840.0,27.546698675560673
231960.0,27.54205007475447
232080.0,27.537406857869858
232200.0,27.532769018513232
232320.0,27.528136550298733
232440.0,27.523509446848237
232560.0,27.51888770179134
232680.0,27.51427130876535
232800.0,27.509660261415274
232920.0,27.505054553393823
233040.0,27.500454178361384
233160.0,27.495859129986023
233280.0,27.49126940194347
233400.0,27.48668498791711
233520.0,27.482105881597974
233640.0,27.477532076684735
233760.0,27.472963566883692
233880.0,27.46840034590876
234000.0,27.46384240748146
234120.0,27.459289745330928
234240.0,27.454742353193872
234360.0,27.45020022481459
234480.0,27.445663353944955
234600.0,27.441131734344395
234720.0,27.436605359779893
234840.0,27.43208422402598
234960.0,27.427568320864722
235080.0,27.423057644085702
235200.0,27.41855218748603
235320.0,27.414051944870312
235440.0,27.40955691005066
235560.0,27.405067076846674
235680.0,27.40058243908543
235800.0,27.396102990601474
235920.0,27.391628725236814
236040.0,27.387159636840913
236160.0,27.38269571927067
236280.0,27.378236966390425
236400.0,27.373783372071934
236520.0,27.369334930194373
236640.0,27.364891634644327
236760.0,27.360453479315773
236880.0,27.356020458110077
237000.0,27.351592564935984
237120.0,27.347169793709607
237240.0,27.342752138354427
237360.0,27.33833959280127
237480.0,27.3339321509883
237600.0,27.32952980686103
237720.0,27.325132554372278
237840.0,27.320740387482196
237960.0,27.316353300158234
238080.0,27.311971286375137
238200.0,27.307594340114942
238320.0,27.303222455366967
238440.0,27.2988556261278
238560.0,27.294493846401288
238680.0,27.290137110198533
238800.0,27.285785411537884
238920.0,27.28143874444492
239040.0,27.27709710295245
239160.0,27.272760481100498
239280.0,27.268428872936298
239400.0,27.264102272514283
239520.0,27.259780673896074
239640.0,27.25546407115048
239760.0,27.25115245835348
239880.0,27.246845829588217
240000.0,27.242544178944993
240120.0,27.23824750052125
240240.0,27.23395578842157
240360.0,27.22966903675767
240480.0,27.22538723964838
240600.0,27.22111039121965
240720.0,27.216838485604523
240840.0,27.212571516943147
240960.0,27.208309479382745
241080.0,27.204052367077622
241200.0,27.199800174189154
241320.0,27.195552894885772
241440.0,27.19131052334296
241560.0,27.18707305374324
241680.0,27.182840480276177
241800.0,27.17861279713835
241920.0,27.17438999853336
242040.0,27.17017207867182
242160.0,27.16595903177133
242280.0,27.16175085205649
242400.0,27.15754753375888
242520.0,27.153349071117052
242640.0,27.149155458376523
242760.0,27.144966689789765
242880.0,27.1407827596162
243000.0,27.13660366212219
243120.0,27.132429391581024
243240.0,27.128259942272916
243360.0,27.12409530848499
243480.0,27.11993548451128
243600.0,27.115780464652715
243720.0,27.11163024321711
243840.0,27.10748481451916
243960.0,27.103344172880433
244080.0,27.099208312629358
244200.0,27.09507722810122
244320.0,27.090950913638153
244440.0,27.08682936358912
244560.0,27.082712572309926
244680.0,27.078600534163183
244800.0,27.074493243518322
244920.0,27.07039069475158
245040.0,27.066292882245985
245160.0,27.062199800391358
245280.0,27.058111443584295
245400.0,27.054027806228163
245520.0,27.04994888273309
245640.0,27.045874667515964
245760.0,27.04180515500041
245880.0,27.037740339616803
246000.0,27.033680215802235
246120.0,27.029624778000525
246240.0,27.025574020662205
246360.0,27.02152793824451
246480.0,27.01748652521137
246600.0,27.013449776033408
246720.0,27.00941768518792
246840.0,27.005390247158882
246960.0,27.001367456436927
247080.0,26.997349307519343
247200.0,26.99333579491007
247320.0,26.989326913119687
247440.0,26.985322656665396
247560.0,26.98132302007103
247680.0,26.977327997867036
247800.0,26.973337584590464
247920.0,26.96935177478496
248040.0,26.96537056300077
248160.0,26.961393943794715
248280.0,26.957421911730187
248400.0,26.953454461377152
248520.0,26.94949158731213
248640.0,26.945533284118195
248760.0,26.941579546384958
248880.0,26.93763036870856
249000.0,26.93368574569168
249120.0,26.929745671943508
249240.0,26.92581014207974
249360.0,26.92187915072258
249480.0,26.917952692500727
249600.0,26.914030762049357
249720.0,26.910113354010136
249840.0,26.90620046303119
249960.0,26.902292083767115
250080.0,26.898388210878956
250200.0,26.894488839034207
250320.0,26.890593962906795
250440.0,26.886703577177087
250560.0,26.882817676531864
250680.0,26.87893625566433
250800.0,26.875059309274086
250920.0,26.87118683206714
251040.0,26.867318818755884
251160.0,26.863455264059102
251280.0,26.859596162701948
251400.0,26.855741509415942
251520.0,26.85189129893897
251640.0,26.848045526015266
251760.0,26.84420418539541
251880.0,26.840367271836314
252000.0,26.836534780101225
252120.0,26.83270670495971
252240.0,26.82888304118764
252360.0,26.82506378356721
252480.0,26.82124892688689
252600.0,26.81743846594146
252720.0,26.81363239553197
252840.0,26.809830710465754
252960.0,26.806033405556402
253080.0,26.80224047562377
253200.0,26.798451915493963
253320.0,26.794667719999335
253440.0,26.79088788397847
253560.0,26.787112402276186
253680.0,26.783341269743516
253800.0,26.77957448123771
253920.0,26.775812031622223
254040.0,26.77205391576671
254160.0,26.76830012854701
254280.0,26.764550664845157
254400.0,26.76080551954935
254520.0,26.75706468755396
254640.0,26.753328163759516
254760.0,26.7495959430727
254880.0,26.745868020406338
255000.0,26.7421443906794
255120.0,26.73842504881698
255240.0,26.734709989750293
255360.0,26.730999208416677
255480.0,26.72729269975957
255600.0,26.723590458728513
255720.0,26.71989248027914
255840.0,26.716198759373167
255960.0,26.712509290978396
256080.0,26.708824070068687
256200.0,26.705143091623974
256320.0,26.70146635063024
256440.0,26.69779384207952
256560.0,26.69412556096988
256680.0,26.690461502305432
256800.0,26.686801661096307
256920.0,26.683146032358653
257040.0,26.679494611114634
257160.0,26.675847392392413
257280.0,26.67220437122615
257400.0,26.668565542655998
257520.0,26.664930901728088
257640.0,26.66130044349452
257760.0,26.657674163013375
257880.0,26.654052055348682
258000.0,26.650434115570423
258120.0,26.64682033875453
258240.0,26.643210719982868
258360.0,26.639605254343238
258480.0,26.63600393692936
258600.0,26.63240676284087
258720.0,26.62881372718331
258840.0,26.62522482506813
258960.0,26.621640051612673
259080.0,26.618059401940165
