"Time","Probe-1","Probe-2","Probe-3","Probe-4"
2023-04-25 10:36:00,24.5,23.9,24.1,23.8
2023-04-25 10:38:00,26.3,25.0,25,23.7
2023-04-25 10:40:00,27.9,26.8,26.7,23.5
2023-04-25 10:42:00,29.4,28.3,28.2,23.4
2023-04-25 10:44:00,31.0,29.9,29.8,23.4
2023-04-25 10:46:00,32.5,31.4,31.4,23.4
2023-04-25 10:48:00,33.9,32.9,32.9,23.4
2023-04-25 10:50:00,35.3,34.3,34.4,23.4
2023-04-25 10:52:00,36.6,35.9,35.8,23.4
2023-04-25 10:54:00,38.5,37.2,37.2,23.4
2023-04-25 10:56:00,40.0,38.9,38.7,23.4
2023-04-25 10:58:00,41.0,40.5,40.2,23.4
2023-04-25 11:00:00,42.6,41.8,41.6,23.5
2023-04-25 11:02:00,43.6,43.2,42.9,23.5
2023-04-25 11:04:00,44.6,44.1,44.0,23.5
2023-04-25 11:06:00,46.4,45.8,46.1,23.4
2023-04-25 11:08:00,48.9,47.2,47.4,23.4
2023-04-25 11:10:00,50.2,49.4,49.3,23.4
2023-04-25 11:12:00,51.7,50.8,50.7,23.4
2023-04-25 11:14:00,53.1,52.3,51.9,23.4
2023-04-25 11:16:00,54.3,53.7,53.6,23.4
2023-04-25 11:18:00,55.8,54.8,54.8,23.3
2023-04-25 11:20:00,57.2,56.4,56.0,23.3
2023-04-25 11:22:00,58.7,57.2,57.7,23.3
2023-04-25 11:24:00,59.7,59.4,59.3,23.4
2023-04-25 11:26:00,61.5,60.6,60.7,23.3
2023-04-25 11:28:00,62.7,62.0,61.8,23.4
2023-04-25 11:30:00,63.0,62.7,62.6,23.3
2023-04-25 11:32:00,62.7,62.4,62.2,23.3
2023-04-25 11:34:00,62.3,62.5,62.1,23.4
2023-04-25 11:36:00,62.7,62.1,61.5,23.3
2023-04-25 11:38:00,62.3,62.0,62.2,23.3
2023-04-25 11:40:00,62.2,61.9,62.5,23.3
2023-04-25 11:42:00,62.1,62.1,62.2,23.4
2023-04-25 11:44:00,61.8,61.5,61.8,23.4
2023-04-25 11:46:00,62.6,62.1,62.0,23.4
2023-04-25 11:48:00,61.0,61.5,61.2,23.3
2023-04-25 11:50:00,61.9,62.1,61.6,23.3
2023-04-25 11:52:00,62.1,61.7,61.2,23.3
2023-04-25 11:54:00,61.6,61.4,60.5,23.5
2023-04-25 11:56:00,61.3,61.1,61.3,23.5
2023-04-25 11:58:00,61.6,61.4,61.2,23.6
2023-04-25 12:00:00,61.7,61.0,60.9,23.4
2023-04-25 12:02:00,61.0,61.0,61.0,23.4
2023-04-25 12:04:00,61.3,61.3,61.4,23.5
2023-04-25 12:06:00,61.2,61.0,60.6,23.4
2023-04-25 12:08:00,60.9,60.8,60.8,23.5
2023-04-25 12:10:00,61.3,61.3,60.7,23.4
2023-04-25 12:12:00,60.6,60.8,60.7,23.6
2023-04-25 12:14:00,60.7,60.2,60.3,23.4
2023-04-25 12:16:00,61.1,60.9,60.9,23.5
2023-04-25 12:18:00,60.4,60.6,60.0,23.5
2023-04-25 12:20:00,60.3,59.6,60.1,23.5
2023-04-25 12:22:00,60.2,60.2,60.6,23.5
2023-04-25 12:24:00,60.8,60.1,60.1,23.5
2023-04-25 12:26:00,60.7,60.2,59.8,23.5
2023-04-25 12:28:00,60.4,60.1,60.0,23.5
2023-04-25 12:30:00,59.8,58.8,60.1,23.5
2023-04-25 12:32:00,60.2,60.2,60.2,23.6
2023-04-25 12:34:00,59.9,60.0,58.9,23.6
2023-04-25 12:36:00,59.8,59.7,59.0,23.6
2023-04-25 12:38:00,60.2,59.6,59.2,23.7
2023-04-25 12:40:00,59.9,59.7,59.6,23.6
2023-04-25 12:42:00,60.3,59.5,59.7,23.6
2023-04-25 12:44:00,59.6,59.4,59.0,23.6
2023-04-25 12:46:00,59.7,59.7,59.5,23.6
2023-04-25 12:48:00,59.8,59.5,59.1,23.6
2023-04-25 12:50:00,59.1,59.2,59.3,23.6
2023-04-25 12:52:00,59.5,58.9,59.5,23.6
2023-04-25 12:54:00,59.4,59.4,58.2,23.6
2023-04-25 12:56:00,59.3,58.9,59.1,23.6
2023-04-25 12:58:00,59.2,59.3,59.2,23.6
2023-04-25 13:00:00,59.1,58.9,58.4,23.6
2023-04-25 13:02:00,59.0,58.9,58.4,23.6
2023-04-25 13:04:00,59.0,58.7,58.7,23.7
2023-04-25 13:06:00,58.3,58.7,58.5,23.6
2023-04-25 13:08:00,59.0,57.9,58.5,23.6
2023-04-25 13:10:00,59.0,58.2,58.1,23.6
2023-04-25 13:12:00,58.7,58.4,58.5,23.6
2023-04-25 13:14:00,58.5,58.5,58.5,23.7
2023-04-25 13:16:00,58.2,58.4,58.6,23.6
2023-04-25 13:18:00,58.5,58.4,58.0,23.7
2023-04-25 13:20:00,58.5,58.5,58.1,23.7
2023-04-25 13:22:00,58.0,57.7,58.2,23.7
2023-04-25 13:24:00,58.1,58.3,57.8,23.6
2023-04-25 13:26:00,58.3,58.3,57.7,23.7
2023-04-25 13:28:00,57.7,57.7,57.7,23.6
2023-04-25 13:30:00,58.0,57.8,57.2,23.7
2023-04-25 13:32:00,57.9,58.2,57.7,23.7
2023-04-25 13:34:00,58.2,57.5,57.4,23.5
2023-04-25 13:36:00,57.6,56.9,56.9,23.7
2023-04-25 13:38:00,57.3,57.5,57.1,23.6
2023-04-25 13:40:00,57.6,57.4,57.6,23.6
2023-04-25 13:42:00,57.7,57.5,57.6,23.6
2023-04-25 13:44:00,57.5,56.9,57.0,23.5
2023-04-25 13:46:00,57.9,57.6,56.9,23.6
2023-04-25 13:48:00,57.1,57.3,57.1,23.6
2023-04-25 13:50:00,57.6,57.1,57.1,23.6
2023-04-25 13:52:00,57.6,57.4,57.1,23.6
2023-04-25 13:54:00,56.8,56.8,56.6,23.6
2023-04-25 13:56:00,56.9,56.9,56.9,23.7
2023-04-25 13:58:00,57.5,57.0,56.7,23.6
2023-04-25 14:00:00,57.1,56.8,56.6,23.7
2023-04-25 14:02:00,56.7,56.9,56.7,23.6
2023-04-25 14:04:00,56.9,56.9,56.5,23.7
2023-04-25 14:06:00,56.7,56.8,56.4,23.7
2023-04-25 14:08:00,56.8,56.9,56.3,23.6
2023-04-25 14:10:00,56.4,56.1,56.4,23.6
2023-04-25 14:12:00,56.7,56.6,56.1,23.6
2023-04-25 14:14:00,56.6,56.3,56.3,23.7
2023-04-25 14:16:00,56.5,56.5,56.2,23.7
2023-04-25 14:18:00,55.6,56.3,56.3,23.7
2023-04-25 14:20:00,56.3,56.3,55.9,23.7
2023-04-25 14:22:00,56.7,56.3,56.3,23.7
2023-04-25 14:24:00,56.2,56.1,56.0,23.7
2023-04-25 14:26:00,55.9,55.8,56.1,23.7
2023-04-25 14:28:00,55.9,56.0,55.7,23.7
2023-04-25 14:30:00,56.2,56.0,55.9,23.6
2023-04-25 14:32:00,56.1,55.8,55.7,23.7
2023-04-25 14:34:00,55.9,56.0,55.4,23.7
2023-04-25 14:36:00,56.1,55.6,55.6,23.7
2023-04-25 14:38:00,55.8,55.7,55.7,23.7
2023-04-25 14:40:00,55.9,55.4,55.4,23.7
2023-04-25 14:42:00,55.6,55.6,55.6,23.7
2023-04-25 14:44:00,55.7,55.1,55.3,23.7
2023-04-25 14:46:00,55.4,55.5,55.1,23.7
2023-04-25 14:48:00,55.6,55.0,55.3,23.7
2023-04-25 14:50:00,55.4,55.5,55.0,23.7
2023-04-25 14:52:00,55.2,55.3,55.0,23.6
2023-04-25 14:54:00,55.1,55.1,55.3,23.7
2023-04-25 14:56:00,55.2,54.8,55.1,23.7
2023-04-25 14:58:00,55.1,54.9,55.1,23.7
2023-04-25 15:00:00,55.1,55.2,54.9,23.7
2023-04-25 15:02:00,55.1,54.9,54.8,23.6
2023-04-25 15:04:00,55.2,54.8,54.8,23.6
2023-04-25 15:06:00,54.3,54.8,54.5,23.7
2023-04-25 15:08:00,54.8,54.8,54.6,23.6
2023-04-25 15:10:00,54.7,54.6,54.6,23.7
2023-04-25 15:12:00,54.6,54.7,54.4,23.6
2023-04-25 15:14:00,54.5,54.8,54.5,23.8
2023-04-25 15:16:00,54.4,54.2,53.9,23.7
2023-04-25 15:18:00,54.8,54.5,54.6,23.7
2023-04-25 15:20:00,54.4,54.4,54.4,23.8
2023-04-25 15:22:00,54.4,54.3,54.2,23.7
2023-04-25 15:24:00,54.7,54.0,54.2,23.7
2023-04-25 15:26:00,54.6,54.3,54.0,23.7
2023-04-25 15:28:00,54.1,54.4,54.0,23.7
2023-04-25 15:30:00,54.0,54.1,54.0,23.7
2023-04-25 15:32:00,54.2,54.0,53.7,23.7
2023-04-25 15:34:00,54.2,54.2,53.7,23.7
2023-04-25 15:36:00,54.2,53.8,53.9,23.7
2023-04-25 15:38:00,54.2,53.8,54.0,23.7
2023-04-25 15:40:00,54.1,53.8,53.9,23.8
2023-04-25 15:42:00,54.0,53.6,53.7,23.8
2023-04-25 15:44:00,54.1,53.9,53.4,23.7
2023-04-25 15:46:00,53.9,53.7,53.7,23.7
2023-04-25 15:48:00,53.8,53.7,53.3,23.7
2023-04-25 15:50:00,53.8,53.5,53.5,23.7
2023-04-25 15:52:00,53.5,53.2,53.0,23.7
2023-04-25 15:54:00,53.4,53.3,53.3,23.7
2023-04-25 15:56:00,53.5,53.3,53.1,23.7
2023-04-25 15:58:00,53.6,53.4,53.4,23.7
2023-04-25 16:00:00,53.1,53.3,53.2,23.8
2023-04-25 16:02:00,53.3,53.2,53.0,23.7
2023-04-25 16:04:00,53.0,53.2,52.8,23.7
2023-04-25 16:06:00,53.2,53.2,52.9,23.7
2023-04-25 16:08:00,53.2,53.1,53.0,23.8
2023-04-25 16:10:00,53.2,53.0,52.9,23.8
2023-04-25 16:12:00,53.2,52.9,53.0,23.7
2023-04-25 16:14:00,53.2,53.0,52.9,23.7
2023-04-25 16:16:00,53.0,52.9,52.9,23.8
2023-04-25 16:18:00,53.0,53.0,52.6,23.8
2023-04-25 16:20:00,52.8,52.6,52.7,23.8
2023-04-25 16:22:00,52.7,52.6,52.5,23.7
2023-04-25 16:24:00,52.6,52.7,52.6,23.9
2023-04-25 16:26:00,52.9,52.6,52.1,23.8
2023-04-25 16:28:00,52.7,52.6,52.5,23.9
2023-04-25 16:30:00,52.5,52.6,52.5,23.9
2023-04-25 16:32:00,52.6,52.4,52.5,23.8
2023-04-25 16:34:00,52.4,52.2,52.2,23.8
2023-04-25 16:36:00,52.2,52.3,52.3,23.9
2023-04-25 16:38:00,52.4,52.3,52.1,23.8
2023-04-25 16:40:00,52.4,52.2,52.1,23.9
2023-04-25 16:42:00,52.2,52.0,52.0,23.8
2023-04-25 16:44:00,52.4,52.1,52.1,23.8
2023-04-25 16:46:00,52.3,51.9,51.9,23.9
2023-04-25 16:48:00,52.1,52.0,51.7,23.8
2023-04-25 16:50:00,52.1,52.1,51.6,23.8
2023-04-25 16:52:00,52.0,52.0,51.7,23.8
2023-04-25 16:54:00,52.1,51.7,51.7,23.7
2023-04-25 16:56:00,51.9,51.8,51.7,23.7
2023-04-25 16:58:00,52.0,51.6,51.7,23.7
2023-04-25 17:00:00,51.5,51.5,51.6,23.7
2023-04-25 17:02:00,51.5,51.6,51.5,23.6
2023-04-25 17:04:00,51.5,51.2,51.5,23.6
2023-04-25 17:06:00,51.5,51.4,51.3,23.6
2023-04-25 17:08:00,51.5,51.4,51.2,23.6
2023-04-25 17:10:00,51.5,51.5,51.4,23.5
2023-04-25 17:12:00,51.4,51.2,51.2,23.5
2023-04-25 17:14:00,51.1,51.2,51.2,23.5
2023-04-25 17:16:00,51.2,51.2,51.3,23.5
2023-04-25 17:18:00,51.3,51.2,51.2,23.5
2023-04-25 17:20:00,51.3,51.1,51.1,23.5
2023-04-25 17:22:00,51.2,51.0,51.1,23.5
2023-04-25 17:24:00,51.2,51.0,50.9,23.5
2023-04-25 17:26:00,51.2,50.9,51.0,23.5
2023-04-25 17:28:00,51.2,51.0,50.9,23.5
2023-04-25 17:30:00,51.0,50.8,51.0,23.5
2023-04-25 17:32:00,51,50.7,50.7,23.4
2023-04-25 17:34:00,50.9,50.6,50.7,23.4
2023-04-25 17:36:00,50.8,50.6,50.8,23.4
2023-04-25 17:38:00,50.7,50.7,50.7,23.4
2023-04-25 17:40:00,50.8,50.7,50.5,23.4
2023-04-25 17:42:00,50.7,50.6,50.5,23.4
2023-04-25 17:44:00,50.8,50.5,50.5,23.3
2023-04-25 17:46:00,50.6,50.5,50.4,23.4
2023-04-25 17:48:00,50.7,50.5,50.4,23.4
2023-04-25 17:50:00,50.6,50.3,50.3,23.3
2023-04-25 17:52:00,50.5,50.5,50.3,23.4
2023-04-25 17:54:00,50.6,50.4,50.3,23.3
2023-04-25 17:56:00,50.4,50.3,50.2,23.3
2023-04-25 17:58:00,50.4,50.3,50.2,23.3
2023-04-25 18:00:00,50.4,50.1,50.2,23.3
2023-04-25 18:02:00,50.4,50.1,50.1,23.3
2023-04-25 18:04:00,50.2,50.0,50.1,23.3
2023-04-25 18:06:00,50.1,49.9,50.0,23.3
2023-04-25 18:08:00,50.0,49.9,49.9,23.3
2023-04-25 18:10:00,50.1,49.7,49.9,23.3
2023-04-25 18:12:00,50.0,49.8,49.7,23.4
2023-04-25 18:14:00,50.0,49.8,49.7,23.4
2023-04-25 18:16:00,49.8,49.7,49.7,23.4
2023-04-25 18:18:00,49.8,49.7,49.7,23.4
2023-04-25 18:20:00,49.8,49.6,49.6,23.4
2023-04-25 18:22:00,49.8,49.6,49.6,23.4
2023-04-25 18:24:00,49.7,49.6,49.5,23.3
2023-04-25 18:26:00,49.8,49.5,49.5,23.4
2023-04-25 18:28:00,49.8,49.5,49.5,23.4
2023-04-25 18:30:00,49.7,49.5,49.4,23.4
2023-04-25 18:32:00,49.6,49.5,49.3,23.5
2023-04-25 18:34:00,49.7,49.4,49.3,23.4
2023-04-25 18:36:00,49.5,49.3,49.3,23.4
2023-04-25 18:38:00,49.5,49.3,49.2,23.5
2023-04-25 18:40:00,49.4,49.3,49.2,23.5
2023-04-25 18:42:00,49.4,49.2,49.2,23.5
2023-04-25 18:44:00,49.4,49.2,49.1,23.5
2023-04-25 18:46:00,49.3,49.1,49.1,23.5
2023-04-25 18:48:00,49.2,49.1,49.0,23.4
2023-04-25 18:50:00,49.2,49.0,49.0,23.4
2023-04-25 18:52:00,49.2,49.0,49.0,23.4
2023-04-25 18:54:00,49.1,48.9,48.9,23.4
2023-04-25 18:56:00,49.1,48.8,48.8,23.4
2023-04-25 18:58:00,49.1,48.9,48.8,23.5
2023-04-25 19:00:00,49.0,48.8,48.8,23.4
2023-04-25 19:02:00,48.9,48.7,48.7,23.4
2023-04-25 19:04:00,48.9,48.7,48.6,23.4
2023-04-25 19:06:00,48.9,48.7,48.6,23.5
2023-04-25 19:08:00,48.8,48.7,48.6,23.4
2023-04-25 19:10:00,48.8,48.6,48.6,23.6
2023-04-25 19:12:00,48.8,48.6,48.5,23.6
2023-04-25 19:14:00,48.7,48.5,48.5,23.5
2023-04-25 19:16:00,48.7,48.5,48.4,23.4
2023-04-25 19:18:00,48.6,48.4,48.4,23.4
2023-04-25 19:20:00,48.6,48.4,48.4,23.5
2023-04-25 19:22:00,48.6,48.4,48.3,23.5
2023-04-25 19:24:00,48.5,48.3,48.2,23.5
2023-04-25 19:26:00,48.5,48.3,48.2,23.6
2023-04-25 19:28:00,48.5,48.3,48.2,23.5
2023-04-25 19:30:00,48.4,48.2,48.1,23.4
2023-04-25 19:32:00,48.3,48.1,48.1,23.4
2023-04-25 19:34:00,48.3,48.1,48.1,23.5
2023-04-25 19:36:00,48.2,48.1,47.8,23.4
2023-04-25 19:38:00,48.3,48.0,48.0,23.5
2023-04-25 19:40:00,48.2,47.4,46.8,23.5
2023-04-25 19:42:00,48.1,47.6,47.4,23.4
2023-04-25 19:44:00,48.1,47.3,47.6,23.4
2023-04-25 19:46:00,48.0,47.3,47.3,23.5
2023-04-25 19:48:00,48.0,47.0,47.2,23.5
2023-04-25 19:50:00,47.4,46.9,47.4,23.3
2023-04-25 19:52:00,46.6,47.2,47.7,23.3
2023-04-25 19:54:00,46.3,47.1,47.1,23.4
2023-04-25 19:56:00,47.0,46.8,47.0,23.5
2023-04-25 19:58:00,47.5,47.0,46.2,23.4
2023-04-25 20:00:00,47.0,46.5,47.2,23.5
2023-04-25 20:02:00,46.4,46.2,46.7,23.4
2023-04-25 20:04:00,46.6,46.9,46.4,23.5
2023-04-25 20:06:00,47.3,47.2,47.4,23.4
2023-04-25 20:08:00,46.8,47.4,46.8,23.5
2023-04-25 20:10:00,46.5,46.0,46.2,23.4
2023-04-25 20:12:00,46.5,47.1,46.8,23.5
2023-04-25 20:14:00,45.9,46.5,46.7,23.3
2023-04-25 20:16:00,46.9,46.7,46.7,23.4
2023-04-25 20:18:00,46.8,47.1,46.1,23.3
2023-04-25 20:20:00,46.3,46.6,46.6,23.4
2023-04-25 20:22:00,46.3,46.3,46.8,23.5
2023-04-25 20:24:00,46.8,46.5,46.0,23.4
2023-04-25 20:26:00,46.5,46.5,46.2,23.4
2023-04-25 20:28:00,45.6,45.9,46.4,23.3
2023-04-25 20:30:00,46.9,46.5,46.9,23.3
2023-04-25 20:32:00,46.9,46.5,46.6,23.3
2023-04-25 20:34:00,46.8,46.1,45.8,23.2
2023-04-25 20:36:00,46.3,46.6,46.3,23.3
2023-04-25 20:38:00,46.0,46.6,46.5,23.3
2023-04-25 20:40:00,46.5,46.0,46.4,23.4
2023-04-25 20:42:00,46.9,46.5,46.2,23.4
2023-04-25 20:44:00,45.9,46.7,45.8,23.2
2023-04-25 20:46:00,46.1,45.7,45.8,23.3
2023-04-25 20:48:00,46.6,45.6,46.3,23.2
2023-04-25 20:50:00,46.0,45.6,45.8,23.2
2023-04-25 20:52:00,46.0,46.3,46.2,23.1
2023-04-25 20:54:00,45.9,45.9,46.1,23.1
2023-04-25 20:56:00,45.9,46.4,45.2,23.1
2023-04-25 20:58:00,45.6,45.4,45.6,23.1
2023-04-25 21:00:00,46.0,46.0,45.8,23.1
2023-04-25 21:02:00,46.5,45.8,45.5,23.2
2023-04-25 21:04:00,45.0,45.8,46.0,23.1
2023-04-25 21:06:00,46.2,45.7,45.2,23.1
2023-04-25 21:08:00,45.7,45.9,45.7,23.2
2023-04-25 21:10:00,46.1,45.4,45.6,23.2
2023-04-25 21:12:00,45.3,45.1,45.1,23.1
2023-04-25 21:14:00,45.5,45.5,45.8,23.2
2023-04-25 21:16:00,46.2,45.3,45.3,23.2
2023-04-25 21:18:00,45.5,45.0,45.5,23.2
2023-04-25 21:20:00,45.9,45.7,45.4,23.2
2023-04-25 21:22:00,45.7,45.7,45.6,23.2
2023-04-25 21:24:00,44.7,44.9,45.3,23.1
2023-04-25 21:26:00,45.1,45.5,45.1,23.1
2023-04-25 21:28:00,44.6,45.3,45.3,23.1
2023-04-25 21:30:00,45.7,45.1,45.3,23.1
2023-04-25 21:32:00,45.0,45.4,45.2,23.1
2023-04-25 21:34:00,45.4,45.6,45.4,23.1
2023-04-25 21:36:00,44.7,45.6,44.4,23.1
2023-04-25 21:38:00,44.7,44.2,45.1,23.1
2023-04-25 21:40:00,45.3,44.4,45.1,23.2
2023-04-25 21:42:00,45.3,45.1,45.3,23.1
2023-04-25 21:44:00,45.0,45.0,44.7,23.0
2023-04-25 21:46:00,45.0,45.0,44.7,23.1
2023-04-25 21:48:00,44.5,44.7,44.5,23.1
2023-04-25 21:50:00,44.9,45.2,44.9,23.1
2023-04-25 21:52:00,44.4,44.5,44.9,23.1
2023-04-25 21:54:00,45.1,44.7,45.0,23.0
2023-04-25 21:56:00,44.4,44.4,45.0,23.0
2023-04-25 21:58:00,44.5,44.8,44.7,23.1
2023-04-25 22:00:00,45.2,45.0,44.5,23.0
2023-04-25 22:02:00,44.7,44.8,44.7,23.1
2023-04-25 22:04:00,44.7,44.5,44.2,23.0
2023-04-25 22:06:00,44.6,44.9,44.8,23.0
2023-04-25 22:08:00,44.8,44.8,44.6,23.1
2023-04-25 22:10:00,44.8,44.8,44.3,23.0
2023-04-25 22:12:00,44.6,43.9,44.7,23.0
2023-04-25 22:14:00,43.6,44.9,44.2,23.0
2023-04-25 22:16:00,44.7,44.7,44.5,23.1
2023-04-25 22:18:00,45.2,44.7,44.6,23.1
2023-04-25 22:20:00,45.1,44.8,43.7,23.0
2023-04-25 22:22:00,43.9,44.1,44.3,23.0
2023-04-25 22:24:00,44.2,44.2,43.9,23.0
2023-04-25 22:26:00,44.9,44.2,44.0,23.0
2023-04-25 22:28:00,44.0,43.8,44.2,23.0
2023-04-25 22:30:00,44.2,43.8,44.4,23.0
2023-04-25 22:32:00,44.2,44.0,43.9,23.0
2023-04-25 22:34:00,44.3,44.3,44.6,23.0
2023-04-25 22:36:00,44.5,44.0,43.6,23.0
2023-04-25 22:38:00,44.0,43.9,43.8,23.0
2023-04-25 22:40:00,44.0,43.8,43.8,23.0
2023-04-25 22:42:00,44.0,43.4,44.2,23.0
2023-04-25 22:44:00,43.5,43.8,43.7,23.0
2023-04-25 22:46:00,44.1,43.9,44.1,22.9
2023-04-25 22:48:00,43.7,44.1,43.8,22.9
2023-04-25 22:50:00,43.4,43.7,43.8,22.9
2023-04-25 22:52:00,44.0,43.4,43.6,23.0
2023-04-25 22:54:00,43.4,44.2,44.0,23.0
2023-04-25 22:56:00,44.0,44.0,43.9,22.9
2023-04-25 22:58:00,44.2,44.0,43.5,23.0
2023-04-25 23:00:00,43.9,43.7,43.7,22.9
2023-04-25 23:02:00,44.3,43.7,43.4,23.0
2023-04-25 23:04:00,43.6,43.8,43.4,22.9
2023-04-25 23:06:00,43.8,43.4,43.1,22.9
2023-04-25 23:08:00,44.2,43.4,43.7,23.0
2023-04-25 23:10:00,43.3,43.2,43.1,22.9
2023-04-25 23:12:00,43.1,43.5,43.7,22.9
2023-04-25 23:14:00,43.7,43.7,43.5,23.0
2023-04-25 23:16:00,43.9,43.7,43.8,22.9
2023-04-25 23:18:00,42.8,43.4,43.3,22.9
2023-04-25 23:20:00,44.0,43.2,43.1,22.9
2023-04-25 23:22:00,43.4,43.1,42.7,22.9
2023-04-25 23:24:00,43.1,43.5,43.1,22.9
2023-04-25 23:26:00,43.3,43.7,43.2,22.9
2023-04-25 23:28:00,43.2,43.2,43.6,22.9
2023-04-25 23:30:00,43.0,43.0,43.3,22.9
2023-04-25 23:32:00,43.0,43.0,43.1,22.9
2023-04-25 23:34:00,43.4,43.2,43.5,22.9
2023-04-25 23:36:00,43.8,43.3,43.3,22.9
2023-04-25 23:38:00,43.3,43.1,43.1,22.9
2023-04-25 23:40:00,43.0,42.3,42.4,22.9
2023-04-25 23:42:00,43.0,43.0,42.6,22.9
2023-04-25 23:44:00,42.6,43.1,43.1,22.9
2023-04-25 23:46:00,43.5,42.9,42.7,22.9
2023-04-25 23:48:00,43.1,42.7,42.3,22.9
2023-04-25 23:50:00,42.3,42.7,42.8,22.9
2023-04-25 23:52:00,43.2,42.0,42.0,22.9
2023-04-25 23:54:00,42.6,42.6,42.6,22.9
2023-04-25 23:56:00,42.4,42.6,42.9,22.9
2023-04-25 23:58:00,43.0,42.8,42.5,22.9
2023-04-26 00:00:00,42.9,42.2,43.1,22.9
2023-04-26 00:02:00,42.9,42.5,42.8,22.9
2023-04-26 00:04:00,42.9,42.3,42.5,22.9
2023-04-26 00:06:00,43.1,42.5,42.2,22.9
2023-04-26 00:08:00,41.8,42.0,42.5,22.9
2023-04-26 00:10:00,42.2,42.6,41.6,22.9
2023-04-26 00:12:00,42.4,42.4,42.0,22.9
2023-04-26 00:14:00,42.5,42.5,42.8,22.9
2023-04-26 00:16:00,42.7,42.1,42.6,22.9
2023-04-26 00:18:00,42.6,42.1,42.0,22.9
2023-04-26 00:20:00,42.4,42.2,42.0,22.9
2023-04-26 00:22:00,42.2,41.8,42.3,22.9
2023-04-26 00:24:00,42.6,42.0,42.2,22.9
2023-04-26 00:26:00,42.2,42.1,42.3,22.9
2023-04-26 00:28:00,42.5,42.1,42.4,22.9
2023-04-26 00:30:00,42.3,42.3,41.5,22.9
2023-04-26 00:32:00,42.5,42.5,41.9,22.9
2023-04-26 00:34:00,42.1,42.0,42.0,22.9
2023-04-26 00:36:00,41.9,42.2,41.8,22.9
2023-04-26 00:38:00,42.4,42.0,42.3,22.9
2023-04-26 00:40:00,41.9,41.9,41.9,22.8
2023-04-26 00:42:00,42.1,42.3,42.0,22.8
2023-04-26 00:44:00,42.5,41.9,42.0,22.9
2023-04-26 00:46:00,42.0,41.8,41.9,22.9
2023-04-26 00:48:00,41.6,41.6,41.9,22.8
2023-04-26 00:50:00,42.1,41.8,41.9,22.8
2023-04-26 00:52:00,42.0,41.6,41.9,22.9
2023-04-26 00:54:00,41.8,41.7,41.9,22.9
2023-04-26 00:56:00,42.2,41.4,41.8,22.9
2023-04-26 00:58:00,41.5,41.5,42.0,22.9
2023-04-26 01:00:00,41.1,42.2,41.4,22.9
2023-04-26 01:02:00,42.0,42.1,41.4,22.9
2023-04-26 01:04:00,41.6,41.6,41.5,22.9
2023-04-26 01:06:00,42.1,41.7,41.2,22.9
2023-04-26 01:08:00,41.6,41.7,41.0,22.9
2023-04-26 01:10:00,41.4,41.4,41.5,22.9
2023-04-26 01:12:00,41.5,41.8,41.7,22.8
2023-04-26 01:14:00,41.8,41.6,41.5,22.9
2023-04-26 01:16:00,41.9,41.7,41.7,22.8
2023-04-26 01:18:00,41.6,41.4,40.7,22.9
2023-04-26 01:20:00,41.2,41.5,41.4,22.8
2023-04-26 01:22:00,41.4,41.7,41.6,22.9
2023-04-26 01:24:00,41.3,41.6,41.4,22.9
2023-04-26 01:26:00,42.0,41.4,41.4,22.9
2023-04-26 01:28:00,41.6,41.7,41.2,22.9
2023-04-26 01:30:00,41.1,41.1,40.9,22.9
2023-04-26 01:32:00,41.4,41.5,41.3,22.9
2023-04-26 01:34:00,41.2,41.5,41.4,22.9
2023-04-26 01:36:00,41.7,41.1,41.4,22.9
2023-04-26 01:38:00,41.1,41.4,41.0,22.8
2023-04-26 01:40:00,41.1,41.2,40.6,22.8
2023-04-26 01:42:00,40.9,41.2,40.9,22.9
2023-04-26 01:44:00,41.7,41.0,40.6,22.8
2023-04-26 01:46:00,41.2,40.6,41.1,22.9
2023-04-26 01:48:00,41.2,41.1,40.9,22.8
2023-04-26 01:50:00,41.3,40.6,41.0,22.8
2023-04-26 01:52:00,41.0,41.4,40.9,22.9
2023-04-26 01:54:00,41.0,40.9,41.0,22.9
2023-04-26 01:56:00,40.8,41.2,40.8,22.9
2023-04-26 01:58:00,41.0,41.0,40.8,22.8
2023-04-26 02:00:00,41.2,40.6,41.1,22.8
2023-04-26 02:02:00,40.8,40.7,40.9,22.8
2023-04-26 02:04:00,40.4,40.5,41.0,22.8
2023-04-26 02:06:00,41.1,40.7,41.0,22.8
2023-04-26 02:08:00,40.9,41.0,40.8,22.8
2023-04-26 02:10:00,40.8,40.5,40.5,22.8
2023-04-26 02:12:00,40.8,40.6,40.4,22.8
2023-04-26 02:14:00,41.3,40.7,40.6,22.8
2023-04-26 02:16:00,41.1,40.3,40.7,22.8
2023-04-26 02:18:00,40.6,40.6,40.7,22.9
2023-04-26 02:20:00,40.5,40.8,40.8,22.8
2023-04-26 02:22:00,41.1,40.6,40.7,22.8
2023-04-26 02:24:00,40.8,40.4,40.4,22.8
2023-04-26 02:26:00,40.3,40.6,40.4,22.8
2023-04-26 02:28:00,40.8,40.1,40.4,22.8
2023-04-26 02:30:00,40.8,40.3,40.1,22.9
2023-04-26 02:32:00,40.3,40.2,40.3,22.8
2023-04-26 02:34:00,40.4,40.4,40.5,22.9
2023-04-26 02:36:00,40.5,40.7,40.5,22.9
2023-04-26 02:38:00,40.3,40.6,40.2,22.9
2023-04-26 02:40:00,40.6,40.3,40.3,22.7
2023-04-26 02:42:00,40.6,40.0,40.3,22.8
2023-04-26 02:44:00,40.6,40.7,40.5,22.8
2023-04-26 02:46:00,40.3,40.1,40.6,22.8
2023-04-26 02:48:00,40.4,40.3,39.8,22.8
2023-04-26 02:50:00,40.8,40.0,40.1,22.8
2023-04-26 02:52:00,40.6,40.4,40.0,22.8
2023-04-26 02:54:00,37.9,40.5,40.5,22.8
2023-04-26 02:56:00,40.5,39.9,40.2,22.8
2023-04-26 02:58:00,40.7,40.0,40.4,22.8
2023-04-26 03:00:00,40.2,40.3,40.3,22.8
2023-04-26 03:02:00,40.0,40.0,39.3,22.7
2023-04-26 03:04:00,40.6,40.0,40.0,22.8
2023-04-26 03:06:00,40.4,40.3,39.9,22.8
2023-04-26 03:08:00,40.0,40.2,40.1,22.8
2023-04-26 03:10:00,40.3,40.0,40.1,22.7
2023-04-26 03:12:00,40.3,39.1,39.6,22.8
2023-04-26 03:14:00,39.7,39.8,40.0,22.9
2023-04-26 03:16:00,40.1,40,39.9,22.8
2023-04-26 03:18:00,39.8,39.3,40.0,22.8
2023-04-26 03:20:00,40.2,39.7,40.0,22.8
2023-04-26 03:22:00,40.3,39.7,39.5,22.8
2023-04-26 03:24:00,40.1,39.4,39.5,22.8
2023-04-26 03:26:00,40.0,39.8,39.7,22.7
2023-04-26 03:28:00,39.7,39.6,39.6,22.8
2023-04-26 03:30:00,40.1,40.0,39.6,22.8
2023-04-26 03:32:00,39.9,39.9,39.5,22.8
2023-04-26 03:34:00,39.6,39.5,39.9,22.8
2023-04-26 03:36:00,39.8,39.8,39.5,22.9
2023-04-26 03:38:00,39.8,39.5,39.6,22.9
2023-04-26 03:40:00,39.7,39.2,39.6,22.8
2023-04-26 03:42:00,39.8,39.3,39.5,22.8
2023-04-26 03:44:00,39.4,39.7,39.7,22.8
2023-04-26 03:46:00,39.6,39.3,39.5,22.9
2023-04-26 03:48:00,39.6,39.3,39.3,22.8
2023-04-26 03:50:00,39.8,39.7,39.6,22.8
2023-04-26 03:52:00,39.5,39.7,39.3,22.8
2023-04-26 03:54:00,39.5,39.5,39.3,22.8
2023-04-26 03:56:00,39.7,39.5,39.2,22.8
2023-04-26 03:58:00,39.6,39.5,39.5,22.8
2023-04-26 04:00:00,39.5,39.1,39.0,22.9
2023-04-26 04:02:00,39.7,39.1,39.2,22.8
2023-04-26 04:04:00,39.6,39.4,39.1,22.8
2023-04-26 04:06:00,39.2,39.3,39.5,22.8
2023-04-26 04:08:00,39.4,39.4,38.8,22.8
2023-04-26 04:10:00,39.5,39.0,39.0,22.8
2023-04-26 04:12:00,39.0,39.1,38.9,22.8
2023-04-26 04:14:00,39.1,38.7,38.9,22.7
2023-04-26 04:16:00,39.6,39.1,39.2,22.8
2023-04-26 04:18:00,38.9,39.0,39.2,22.7
2023-04-26 04:20:00,39.5,39.1,39.2,22.8
2023-04-26 04:22:00,39.4,39.1,39.0,22.8
2023-04-26 04:24:00,39.1,38.9,39.1,22.7
2023-04-26 04:26:00,39.4,39.0,39.1,22.9
2023-04-26 04:28:00,39.0,39.3,39.0,22.9
2023-04-26 04:30:00,39.1,38.8,39.2,22.9
2023-04-26 04:32:00,39.1,39.1,38.8,22.8
2023-04-26 04:34:00,39.0,38.8,38.7,22.8
2023-04-26 04:36:00,39.0,38.9,38.8,22.9
2023-04-26 04:38:00,39.0,39.0,38.8,22.8
2023-04-26 04:40:00,38.8,38.9,38.7,22.9
2023-04-26 04:42:00,38.8,38.7,38.6,22.8
2023-04-26 04:44:00,38.9,38.9,38.6,22.7
2023-04-26 04:46:00,39.0,38.9,38.7,22.8
2023-04-26 04:48:00,39.1,38.9,38.7,22.8
2023-04-26 04:50:00,38.8,38.5,38.6,22.8
2023-04-26 04:52:00,38.9,38.9,38.8,22.8
2023-04-26 04:54:00,38.9,38.7,38.7,22.8
2023-04-26 04:56:00,38.8,38.7,38.5,22.8
2023-04-26 04:58:00,38.8,38.5,38.6,22.8
2023-04-26 05:00:00,38.7,38.7,38.6,22.8
2023-04-26 05:02:00,38.8,38.5,38.5,22.7
2023-04-26 05:04:00,38.7,38.3,38.8,22.8
2023-04-26 05:06:00,38.6,38.5,38.5,22.8
2023-04-26 05:08:00,38.8,38.4,38.5,22.7
2023-04-26 05:10:00,38.5,38.6,38.1,22.7
2023-04-26 05:12:00,38.7,38.6,38.6,22.8
2023-04-26 05:14:00,38.6,38.6,38.1,22.8
2023-04-26 05:16:00,38.6,38.5,38.4,22.8
2023-04-26 05:18:00,38.7,38.4,38.3,22.7
2023-04-26 05:20:00,38.2,38.0,38.1,22.7
2023-04-26 05:22:00,38.6,38,38.0,22.8
2023-04-26 05:24:00,38.3,38.4,38.2,22.7
2023-04-26 05:26:00,38.6,38.3,38.1,22.7
2023-04-26 05:28:00,38.4,38.2,38.2,22.7
2023-04-26 05:30:00,38.4,38.2,37.9,22.7
2023-04-26 05:32:00,38.4,38.1,38.1,22.8
2023-04-26 05:34:00,38.5,38.1,38.0,22.7
2023-04-26 05:36:00,38.1,37.9,38.2,22.7
2023-04-26 05:38:00,38.2,38.3,38.1,22.8
2023-04-26 05:40:00,38.2,38.1,38.1,22.7
2023-04-26 05:42:00,38.3,37.8,38.1,22.7
2023-04-26 05:44:00,38.3,38.2,37.9,22.7
2023-04-26 05:46:00,38.3,38.0,37.7,22.7
2023-04-26 05:48:00,38.0,38.1,37.8,22.7
2023-04-26 05:50:00,38.0,38.1,37.8,22.7
2023-04-26 05:52:00,38.2,37.7,37.9,22.7
2023-04-26 05:54:00,38.1,38.1,37.8,22.7
2023-04-26 05:56:00,38.3,37.8,38.1,22.8
2023-04-26 05:58:00,38.1,37.6,37.7,22.7
2023-04-26 06:00:00,38.1,37.7,37.8,22.7
2023-04-26 06:02:00,38.1,37.7,37.7,22.8
2023-04-26 06:04:00,38.0,37.8,37.8,22.8
2023-04-26 06:06:00,38.0,37.8,37.8,22.8
2023-04-26 06:08:00,37.8,37.8,37.7,22.8
2023-04-26 06:10:00,38.0,37.7,37.7,22.8
2023-04-26 06:12:00,37.9,37.8,37.6,22.9
2023-04-26 06:14:00,38.1,37.9,37.7,22.9
2023-04-26 06:16:00,37.8,37.8,37.8,22.7
2023-04-26 06:18:00,38.0,37.6,37.8,22.8
2023-04-26 06:20:00,38.0,37.5,37.5,22.9
2023-04-26 06:22:00,37.7,37.9,37.7,22.8
2023-04-26 06:24:00,37.6,37.7,37.5,22.8
2023-04-26 06:26:00,38.0,37.7,37.8,22.9
2023-04-26 06:28:00,38.0,37.6,37.6,22.8
2023-04-26 06:30:00,37.9,37.6,37.5,22.7
2023-04-26 06:32:00,37.7,37.6,37.4,22.8
2023-04-26 06:34:00,37.8,37.2,37.4,22.8
2023-04-26 06:36:00,37.8,37.4,37.5,22.8
2023-04-26 06:38:00,37.9,37.5,37.5,22.8
2023-04-26 06:40:00,37.6,37.5,37.4,22.8
2023-04-26 06:42:00,37.7,37.5,37.4,22.8
2023-04-26 06:44:00,37.2,37.3,37.1,22.8
2023-04-26 06:46:00,37.7,37.4,37.3,22.8
2023-04-26 06:48:00,37.6,37.4,37.2,22.8
2023-04-26 06:50:00,37.5,37.3,37.3,22.9
2023-04-26 06:52:00,37.6,37.3,37.2,22.9
2023-04-26 06:54:00,37.6,36.9,37.1,23.0
2023-04-26 06:56:00,37.2,37.2,37.1,22.8
2023-04-26 06:58:00,37.5,37.3,37.2,22.9
2023-04-26 07:00:00,37.7,37.3,37.2,22.8
2023-04-26 07:02:00,37.5,37.2,37.1,22.8
2023-04-26 07:04:00,37.1,36.9,37.1,22.9
2023-04-26 07:06:00,37.2,37.2,36.8,22.9
2023-04-26 07:08:00,37.3,37.1,36.9,22.9
2023-04-26 07:10:00,37.2,36.9,37.2,22.9
2023-04-26 07:12:00,37.0,37.2,37.2,22.9
2023-04-26 07:14:00,37.3,37.2,37.1,22.9
2023-04-26 07:16:00,37.3,37.0,37.1,23.0
2023-04-26 07:18:00,37.0,37.0,36.9,22.9
2023-04-26 07:20:00,37.3,37.2,36.9,22.9
2023-04-26 07:22:00,37.0,37.0,37.0,22.9
2023-04-26 07:24:00,36.9,37.1,36.9,23.0
2023-04-26 07:26:00,37.0,37.1,36.7,23.0
2023-04-26 07:28:00,37.1,36.9,36.8,23.0
2023-04-26 07:30:00,36.9,36.9,36.8,23.0
2023-04-26 07:32:00,37.0,36.8,36.8,23.0
2023-04-26 07:34:00,37.1,36.9,36.9,23.0
2023-04-26 07:36:00,36.8,36.7,36.8,22.9
2023-04-26 07:38:00,36.9,36.6,36.8,23.0
2023-04-26 07:40:00,37.0,36.9,36.7,23.0
2023-04-26 07:42:00,37.0,36.9,36.4,23.0
2023-04-26 07:44:00,36.9,36.8,36.8,23.0
2023-04-26 07:46:00,36.9,36.7,36.7,23.0
2023-04-26 07:48:00,36.8,36.9,36.6,23.0
2023-04-26 07:50:00,36.9,36.7,36.8,23.0
2023-04-26 07:52:00,36.9,36.8,36.5,23.0
2023-04-26 07:54:00,36.8,36.6,36.7,23.0
2023-04-26 07:56:00,36.7,36.4,36.5,23.0
2023-04-26 07:58:00,36.9,36.6,36.6,23.1
2023-04-26 08:00:00,36.7,36.7,36.6,23.1
2023-04-26 08:02:00,36.9,36.7,36.6,23.1
2023-04-26 08:04:00,36.9,36.8,36.6,23.1
2023-04-26 08:06:00,36.8,36.7,36.6,23.1
2023-04-26 08:08:00,36.6,36.6,36.4,23.1
2023-04-26 08:10:00,36.7,36.5,36.5,23.1
2023-04-26 08:12:00,36.8,36.7,36.4,23.1
2023-04-26 08:14:00,36.6,36.4,36.5,23.1
2023-04-26 08:16:00,36.6,36.3,36.4,23.1
2023-04-26 08:18:00,36.6,36.4,36.4,23.1
2023-04-26 08:20:00,36.5,36.4,36.5,23.0
2023-04-26 08:22:00,36.6,36.3,36.3,23.0
2023-04-26 08:24:00,36.4,36.6,36.5,23.1
2023-04-26 08:26:00,36.6,36.4,36.3,23.1
2023-04-26 08:28:00,36.5,36.5,36.4,23.1
2023-04-26 08:30:00,36.6,36.3,36.2,23.1
2023-04-26 08:32:00,36.5,36.1,36.3,23.0
2023-04-26 08:34:00,36.6,36.1,36.3,23.1
2023-04-26 08:36:00,36.3,36.3,36.4,23.0
2023-04-26 08:38:00,36.0,36.2,36.1,23.1
2023-04-26 08:40:00,36.3,36.2,36.1,23.1
2023-04-26 08:42:00,36.3,36.3,36.0,23.0
2023-04-26 08:44:00,36.5,36.4,35.8,23.0
2023-04-26 08:46:00,36.2,36.3,36.2,23.1
2023-04-26 08:48:00,36.4,36.1,36.1,23.0
2023-04-26 08:50:00,36.4,36.3,36.0,23.0
2023-04-26 08:52:00,36.4,36.3,36.2,23.0
2023-04-26 08:54:00,36.3,36.2,36.2,23.0
2023-04-26 08:56:00,36.3,36.2,36.0,23.0
2023-04-26 08:58:00,36.3,35.9,35.9,23.0
2023-04-26 09:00:00,36.4,36.1,36.0,23.1
2023-04-26 09:02:00,36.2,36.1,36.0,23.1
2023-04-26 09:04:00,36.2,36,36.1,23.1
2023-04-26 09:06:00,36.2,36.0,36.1,23.1
2023-04-26 09:08:00,36.2,36.1,35.8,23.1
2023-04-26 09:10:00,36.0,36.1,36.0,23.1
2023-04-26 09:12:00,36.0,36,35.8,23.2
2023-04-26 09:14:00,36.2,36.0,35.8,23.2
2023-04-26 09:16:00,36.2,35.8,35.9,23.2
2023-04-26 09:18:00,35.9,35.9,35.9,23.2
2023-04-26 09:20:00,35.7,36.1,35.9,23.2
2023-04-26 09:22:00,36.0,35.6,35.8,23.3
2023-04-26 09:24:00,36.2,36.0,35.7,23.3
2023-04-26 09:26:00,35.9,35.9,35.7,23.3
2023-04-26 09:28:00,35.9,35.8,35.8,23.3
2023-04-26 09:30:00,36.0,35.8,35.9,23.3
2023-04-26 09:32:00,35.8,35.8,35.8,23.3
2023-04-26 09:34:00,35.6,35.7,35.5,23.3
2023-04-26 09:36:00,35.8,35.7,35.5,23.3
2023-04-26 09:38:00,35.8,35.8,35.8,23.3
2023-04-26 09:40:00,35.8,35.8,35.5,23.3
2023-04-26 09:42:00,35.7,35.8,35.7,23.4
2023-04-26 09:44:00,35.7,35.7,35.4,23.4
2023-04-26 09:46:00,35.8,35.7,35.6,23.4
2023-04-26 09:48:00,35.6,35.7,35.5,23.4
2023-04-26 09:50:00,35.5,35.6,35.5,23.4
2023-04-26 09:52:00,35.9,35.6,35.5,23.4
2023-04-26 09:54:00,35.6,35.7,35.5,23.4
2023-04-26 09:56:00,35.5,35.7,35.4,23.4
2023-04-26 09:58:00,35.7,35.6,35.4,23.4
2023-04-26 10:00:00,35.6,35.5,35.3,23.4
2023-04-26 10:02:00,35.5,35.4,35.5,23.4
2023-04-26 10:04:00,35.8,35.5,35.6,23.5
2023-04-26 10:06:00,35.5,35.5,35.4,23.5
2023-04-26 10:08:00,35.6,35.6,35.5,23.5
2023-04-26 10:10:00,35.7,35.5,35.4,23.5
2023-04-26 10:12:00,35.6,35.5,35.5,23.5
2023-04-26 10:14:00,35.6,35.3,35.2,23.5
2023-04-26 10:16:00,35.4,35.4,35.3,23.5
2023-04-26 10:18:00,35.6,35.3,35.3,23.5
2023-04-26 10:20:00,35.4,35.3,35.4,23.5
2023-04-26 10:22:00,35.3,35.3,35.3,23.5
2023-04-26 10:24:00,35.4,35.4,35.4,23.5
2023-04-26 10:26:00,35.4,35.4,35.1,23.5
2023-04-26 10:28:00,35.5,35.3,35.2,23.5
2023-04-26 10:30:00,35.4,35.3,35.0,23.5
2023-04-26 10:32:00,35.5,35.2,35.1,23.5
2023-04-26 10:34:00,35.4,35.2,35.1,23.5
2023-04-26 10:36:00,35.3,35.2,35.2,23.5
2023-04-26 10:38:00,35.2,35.0,35.2,23.5
2023-04-26 10:40:00,35.4,35.2,35.2,23.6
2023-04-26 10:42:00,35.2,35.3,35.1,23.6
2023-04-26 10:44:00,35.3,35.0,35.1,23.6
2023-04-26 10:46:00,35.3,35.0,35.0,23.6
2023-04-26 10:48:00,35.2,35.0,35.0,23.6
2023-04-26 10:50:00,35.3,35.1,35.0,23.6
2023-04-26 10:52:00,35.3,35.0,34.9,23.6
2023-04-26 10:54:00,35.1,35.2,34.9,23.7
2023-04-26 10:56:00,35.3,35.1,34.9,23.6
2023-04-26 10:58:00,35.2,35.0,35.0,23.6
2023-04-26 11:00:00,35.0,34.9,35.0,23.6
2023-04-26 11:02:00,35.2,35.1,35.0,23.6
2023-04-26 11:04:00,35.1,35.0,34.9,23.6
2023-04-26 11:06:00,35.1,35.0,34.8,23.6
2023-04-26 11:08:00,35.1,35.1,34.7,23.7
2023-04-26 11:10:00,35.0,34.9,34.9,23.6
2023-04-26 11:12:00,35.0,34.9,35.0,23.6
2023-04-26 11:14:00,34.9,34.9,34.8,23.7
2023-04-26 11:16:00,35.0,34.9,34.8,23.7
2023-04-26 11:18:00,35.1,34.8,34.9,23.7
2023-04-26 11:20:00,35.1,34.6,34.8,23.7
2023-04-26 11:22:00,35.1,34.8,34.8,23.7
2023-04-26 11:24:00,35.1,34.8,34.7,23.7
2023-04-26 11:26:00,35.0,34.8,34.6,23.7
2023-04-26 11:28:00,34.8,34.8,34.8,23.7
2023-04-26 11:30:00,35.0,34.8,34.8,23.7
2023-04-26 11:32:00,34.8,34.8,34.7,23.7
2023-04-26 11:34:00,34.7,34.9,34.7,23.8
2023-04-26 11:36:00,34.9,34.6,34.8,23.8
2023-04-26 11:38:00,34.8,34.8,34.6,23.7
2023-04-26 11:40:00,34.9,34.7,34.5,23.7
2023-04-26 11:42:00,34.8,34.7,34.7,23.8
2023-04-26 11:44:00,34.8,34.8,34.6,23.8
2023-04-26 11:46:00,34.8,34.6,34.6,23.8
2023-04-26 11:48:00,34.6,34.7,34.6,23.8
2023-04-26 11:50:00,34.7,34.7,34.5,23.8
2023-04-26 11:52:00,34.8,34.6,34.6,23.8
2023-04-26 11:54:00,34.7,34.6,34.5,23.8
2023-04-26 11:56:00,34.7,34.6,34.5,23.8
2023-04-26 11:58:00,34.7,34.7,34.6,23.8
2023-04-26 12:00:00,34.6,34.6,34.3,23.8
2023-04-26 12:02:00,34.6,34.6,34.5,23.8
2023-04-26 12:04:00,34.6,34.5,34.5,23.8
2023-04-26 12:06:00,34.6,34.4,34.5,23.8
2023-04-26 12:08:00,34.6,34.5,34.4,23.8
2023-04-26 12:10:00,34.7,34.6,34.4,23.8
2023-04-26 12:12:00,34.5,34.6,34.3,23.8
2023-04-26 12:14:00,34.5,34.5,34.4,23.8
2023-04-26 12:16:00,34.6,34.5,34.4,23.8
2023-04-26 12:18:00,34.5,34.4,34.4,23.8
2023-04-26 12:20:00,34.6,34.5,34.4,23.8
2023-04-26 12:22:00,34.5,34.4,34.4,23.8
2023-04-26 12:24:00,34.5,34.4,34.2,23.8
2023-04-26 12:26:00,34.5,34.4,34.3,23.8
2023-04-26 12:28:00,34.6,34.4,34.3,23.8
2023-04-26 12:30:00,34.4,34.3,34.3,23.8
2023-04-26 12:32:00,34.5,34.4,34.3,23.9
2023-04-26 12:34:00,34.3,34.3,34.2,23.9
2023-04-26 12:36:00,34.4,34.3,34.2,23.9
2023-04-26 12:38:00,34.4,34.3,34.2,23.9
2023-04-26 12:40:00,34.3,34.3,34.3,23.9
2023-04-26 12:42:00,34.3,34.2,34.2,23.9
2023-04-26 12:44:00,34.5,34.3,34.3,23.9
2023-04-26 12:46:00,34.4,34.2,34.2,23.9
2023-04-26 12:48:00,34.3,34.2,34.1,23.9
2023-04-26 12:50:00,34.3,34.2,34.1,23.9
2023-04-26 12:52:00,34.3,34.1,34.2,23.9
2023-04-26 12:54:00,34.2,34.2,34.1,23.9
2023-04-26 12:56:00,34.3,34.1,34.2,23.9
2023-04-26 12:58:00,34.3,34.3,34.0,23.9
2023-04-26 13:00:00,34.1,34.2,34.1,23.9
2023-04-26 13:02:00,34.3,34.2,34.1,23.9
2023-04-26 13:04:00,34.3,34.1,34.1,23.9
2023-04-26 13:06:00,34.2,34.2,34.0,24.0
2023-04-26 13:08:00,34.3,34.1,34.1,23.9
2023-04-26 13:10:00,34.2,34.1,34.1,23.9
2023-04-26 13:12:00,34.1,33.9,34.0,24.0
2023-04-26 13:14:00,34.2,34.0,34.0,23.9
2023-04-26 13:16:00,34.1,34.1,34.0,23.9
2023-04-26 13:18:00,34.1,33.9,34.0,23.9
2023-04-26 13:20:00,34.0,34,33.9,23.9
2023-04-26 13:22:00,34.0,34.0,33.9,23.9
2023-04-26 13:24:00,34.1,34.1,33.9,23.9
2023-04-26 13:26:00,34.1,34.1,33.9,23.9
2023-04-26 13:28:00,34.0,34.0,33.8,23.9
2023-04-26 13:30:00,34.1,34.0,33.7,23.9
2023-04-26 13:32:00,33.9,34.0,33.8,23.9
2023-04-26 13:34:00,34.1,33.9,33.9,23.9
2023-04-26 13:36:00,34.0,33.9,33.9,23.9
2023-04-26 13:38:00,33.9,33.9,33.8,23.9
2023-04-26 13:40:00,33.9,33.8,33.8,23.9
2023-04-26 13:42:00,33.9,33.9,33.8,23.9
2023-04-26 13:44:00,33.9,33.9,33.7,23.9
2023-04-26 13:46:00,33.9,33.8,33.8,23.9
2023-04-26 13:48:00,33.9,33.8,33.7,23.9
2023-04-26 13:50:00,33.9,33.7,33.7,23.9
2023-04-26 13:52:00,33.8,33.8,33.7,24.0
2023-04-26 13:54:00,33.9,33.8,33.7,24.0
2023-04-26 13:56:00,34.0,33.8,33.6,24.0
2023-04-26 13:58:00,33.9,33.8,33.7,23.9
2023-04-26 14:00:00,33.9,33.8,33.7,23.9
2023-04-26 14:02:00,33.8,33.8,33.6,23.9
2023-04-26 14:04:00,33.9,33.7,33.6,23.9
2023-04-26 14:06:00,33.9,33.8,33.6,23.9
2023-04-26 14:08:00,33.8,33.7,33.6,23.9
2023-04-26 14:10:00,33.8,33.7,33.6,23.9
2023-04-26 14:12:00,33.7,33.7,33.6,23.9
2023-04-26 14:14:00,33.7,33.6,33.6,23.9
2023-04-26 14:16:00,33.7,33.7,33.6,23.9
2023-04-26 14:18:00,33.7,33.6,33.5,23.9
2023-04-26 14:20:00,33.8,33.7,33.5,23.9
2023-04-26 14:22:00,33.7,33.6,33.5,23.9
2023-04-26 14:24:00,33.7,33.6,33.6,23.9
2023-04-26 14:26:00,33.7,33.6,33.5,23.9
2023-04-26 14:28:00,33.7,33.6,33.5,23.9
2023-04-26 14:30:00,33.6,33.6,33.5,23.9
2023-04-26 14:32:00,33.6,33.5,33.4,23.9
2023-04-26 14:34:00,33.7,33.5,33.5,23.9
2023-04-26 14:36:00,33.6,33.5,33.4,23.9
2023-04-26 14:38:00,33.6,33.5,33.5,23.9
2023-04-26 14:40:00,33.6,33.5,33.4,23.9
2023-04-26 14:42:00,33.6,33.5,33.4,23.9
2023-04-26 14:44:00,33.6,33.5,33.4,23.9
2023-04-26 14:46:00,33.6,33.4,33.4,23.9
2023-04-26 14:48:00,33.6,33.5,33.4,23.9
2023-04-26 14:50:00,33.6,33.5,33.3,23.9
2023-04-26 14:52:00,33.5,33.3,33.3,23.9
2023-04-26 14:54:00,33.5,33.4,33.3,23.9
2023-04-26 14:56:00,33.5,33.4,33.3,23.9
2023-04-26 14:58:00,33.5,33.4,33.3,23.9
2023-04-26 15:00:00,33.5,33.4,33.3,23.9
2023-04-26 15:02:00,33.4,33.3,33.2,23.9
2023-04-26 15:04:00,33.5,33.3,33.3,23.9
2023-04-26 15:06:00,33.4,33.3,33.2,23.9
2023-04-26 15:08:00,33.4,33.2,33.2,23.9
2023-04-26 15:10:00,33.4,33.3,33.2,23.9
2023-04-26 15:12:00,33.4,33.3,33.2,23.9
2023-04-26 15:14:00,33.4,33.3,33.2,23.9
2023-04-26 15:16:00,33.4,33.3,33.1,23.9
2023-04-26 15:18:00,33.4,33.2,33.1,23.9
2023-04-26 15:20:00,33.4,33.3,33.1,23.9
2023-04-26 15:22:00,33.3,33.2,33.2,23.9
2023-04-26 15:24:00,33.3,33.2,33.1,23.9
2023-04-26 15:26:00,33.3,33.1,33.1,23.9
2023-04-26 15:28:00,33.3,33.2,33.2,23.9
2023-04-26 15:30:00,33.3,33.2,33.1,23.9
2023-04-26 15:32:00,33.2,33.1,33.1,23.9
2023-04-26 15:34:00,33.2,33.1,33.1,23.9
2023-04-26 15:36:00,33.2,33.2,33.1,23.9
2023-04-26 15:38:00,33.2,33.1,33.0,23.9
2023-04-26 15:40:00,33.2,33.1,33.0,23.9
2023-04-26 15:42:00,33.1,33.0,33.0,23.8
2023-04-26 15:44:00,33.2,33.1,33.0,23.9
2023-04-26 15:46:00,33.1,33.1,32.9,23.8
2023-04-26 15:48:00,33.1,33.0,33.0,23.9
2023-04-26 15:50:00,33.1,33.0,32.9,23.9
2023-04-26 15:52:00,33.1,33.0,33.0,23.9
2023-04-26 15:54:00,33.2,33.0,33.0,23.9
2023-04-26 15:56:00,33.1,33.0,32.9,23.9
2023-04-26 15:58:00,33.0,33.0,32.9,23.9
2023-04-26 16:00:00,33.1,33.0,32.9,23.9
2023-04-26 16:02:00,33.1,33.0,32.9,23.8
2023-04-26 16:04:00,33.1,33.0,32.9,23.8
2023-04-26 16:06:00,33.0,33.0,32.9,23.8
2023-04-26 16:08:00,33.1,32.9,32.8,23.8
2023-04-26 16:10:00,33.0,33.0,32.8,23.8
2023-04-26 16:12:00,33,32.9,32.8,23.8
2023-04-26 16:14:00,33.0,33.0,32.7,23.8
2023-04-26 16:16:00,33.0,32.9,32.8,23.8
2023-04-26 16:18:00,33.0,32.9,32.8,23.8
2023-04-26 16:20:00,32.9,32.9,32.8,23.8
2023-04-26 16:22:00,32.9,32.9,32.7,23.7
2023-04-26 16:24:00,33.0,32.8,32.8,23.8
2023-04-26 16:26:00,32.9,32.8,32.7,23.7
2023-04-26 16:28:00,32.9,32.7,32.7,23.8
2023-04-26 16:30:00,32.9,32.8,32.7,23.7
2023-04-26 16:32:00,32.9,32.7,32.7,23.7
2023-04-26 16:34:00,32.9,32.7,32.6,23.8
2023-04-26 16:36:00,32.9,32.7,32.6,23.7
2023-04-26 16:38:00,32.9,32.7,32.6,23.8
2023-04-26 16:40:00,32.8,32.7,32.6,23.8
2023-04-26 16:42:00,32.8,32.6,32.6,23.8
2023-04-26 16:44:00,32.8,32.6,32.6,23.8
2023-04-26 16:46:00,32.7,32.6,32.6,23.7
2023-04-26 16:48:00,32.7,32.6,32.5,23.8
2023-04-26 16:50:00,32.7,32.6,32.5,23.7
2023-04-26 16:52:00,32.7,32.6,32.6,23.7
2023-04-26 16:54:00,32.7,32.6,32.5,23.8
2023-04-26 16:56:00,32.6,32.5,32.5,23.8
2023-04-26 16:58:00,32.6,32.5,32.5,23.8
2023-04-26 17:00:00,32.7,32.5,32.5,23.8
2023-04-26 17:02:00,32.6,32.5,32.5,23.8
2023-04-26 17:04:00,32.6,32.5,32.4,23.7
2023-04-26 17:06:00,32.6,32.5,32.5,23.8
2023-04-26 17:08:00,32.6,32.4,32.4,23.8
2023-04-26 17:10:00,32.6,32.5,32.4,23.7
2023-04-26 17:12:00,32.6,32.4,32.4,23.7
2023-04-26 17:14:00,32.5,32.3,32.4,23.7
2023-04-26 17:16:00,32.5,32.4,32.4,23.7
2023-04-26 17:18:00,32.5,32.3,32.4,23.7
2023-04-26 17:20:00,32.5,32.3,32.4,23.8
2023-04-26 17:22:00,32.4,32.3,32.4,23.7
2023-04-26 17:24:00,32.4,32.3,32.3,23.7
2023-04-26 17:26:00,32.4,32.3,32.3,23.7
2023-04-26 17:28:00,32.4,32.2,32.3,23.7
2023-04-26 17:30:00,32.4,32.2,32.3,23.7
2023-04-26 17:32:00,32.4,32.2,32.3,23.7
2023-04-26 17:34:00,32.4,32.2,32.3,23.7
2023-04-26 17:36:00,32.4,32.2,32.3,23.8
2023-04-26 17:38:00,32.4,32.2,32.2,23.7
2023-04-26 17:40:00,32.4,32.2,32.2,23.6
2023-04-26 17:42:00,32.4,32.1,32.2,23.7
2023-04-26 17:44:00,32.3,32.1,32.2,23.6
2023-04-26 17:46:00,32.3,32.1,32.2,23.6
2023-04-26 17:48:00,32.3,32.1,32.2,23.7
2023-04-26 17:50:00,32.3,32.1,32.2,23.6
2023-04-26 17:52:00,32.3,32.1,32.2,23.6
2023-04-26 17:54:00,32.3,32.1,32.2,23.7
2023-04-26 17:56:00,32.3,32.1,32.1,23.7
2023-04-26 17:58:00,32.3,32.0,32.1,23.7
2023-04-26 18:00:00,32.3,32.0,32.1,23.7
2023-04-26 18:02:00,32.2,32.0,32.1,23.7
2023-04-26 18:04:00,32.2,32.0,32.1,23.6
2023-04-26 18:06:00,32.2,32.0,32.1,23.6
2023-04-26 18:08:00,32.2,32.0,32.1,23.6
2023-04-26 18:10:00,32.2,32.0,32.1,23.6
2023-04-26 18:12:00,32.2,31.9,32.1,23.6
2023-04-26 18:14:00,32.1,31.9,32.0,23.5
2023-04-26 18:16:00,32.1,31.9,32.0,23.5
2023-04-26 18:18:00,32.1,31.9,32.0,23.5
2023-04-26 18:20:00,32.2,31.9,32.0,23.6
2023-04-26 18:22:00,32.2,31.9,32.0,23.5
2023-04-26 18:24:00,32.1,31.9,32.0,23.5
2023-04-26 18:26:00,32.1,31.9,32.0,23.5
2023-04-26 18:28:00,32.1,31.9,32.0,23.5
2023-04-26 18:30:00,32.0,31.9,31.9,23.5
2023-04-26 18:32:00,32.1,31.9,31.9,23.5
2023-04-26 18:34:00,32.1,31.9,31.9,23.4
2023-04-26 18:36:00,32.0,31.9,31.9,23.4
2023-04-26 18:38:00,32.0,31.8,31.9,23.4
2023-04-26 18:40:00,32.0,31.8,31.9,23.4
2023-04-26 18:42:00,32.0,31.8,31.8,23.4
2023-04-26 18:44:00,32.0,31.8,31.8,23.4
2023-04-26 18:46:00,32.0,31.8,31.8,23.4
2023-04-26 18:48:00,32.0,31.7,31.8,23.4
2023-04-26 18:50:00,31.9,31.7,31.8,23.4
2023-04-26 18:52:00,31.9,31.7,31.8,23.4
2023-04-26 18:54:00,31.9,31.7,31.8,23.4
2023-04-26 18:56:00,31.9,31.7,31.8,23.4
2023-04-26 18:58:00,31.9,31.7,31.8,23.4
2023-04-26 19:00:00,31.9,31.7,31.7,23.4
2023-04-26 19:02:00,31.9,31.7,31.7,23.4
2023-04-26 19:04:00,31.9,31.6,31.7,23.4
2023-04-26 19:06:00,31.8,31.6,31.7,23.4
2023-04-26 19:08:00,31.8,31.6,31.7,23.3
2023-04-26 19:10:00,31.8,31.6,31.7,23.3
2023-04-26 19:12:00,31.8,31.6,31.7,23.3
2023-04-26 19:14:00,31.8,31.6,31.7,23.4
2023-04-26 19:16:00,31.8,31.6,31.7,23.4
2023-04-26 19:18:00,31.8,31.6,31.6,23.3
2023-04-26 19:20:00,31.8,31.6,31.6,23.3
2023-04-26 19:22:00,31.8,31.6,31.6,23.3
2023-04-26 19:24:00,31.8,31.6,31.6,23.4
2023-04-26 19:26:00,31.8,31.6,31.6,23.4
2023-04-26 19:28:00,31.8,31.6,31.6,23.3
2023-04-26 19:30:00,31.8,31.5,31.6,23.3
2023-04-26 19:32:00,31.7,31.5,31.6,23.3
2023-04-26 19:34:00,31.7,31.5,31.6,23.3
2023-04-26 19:36:00,31.7,31.5,31.5,23.3
2023-04-26 19:38:00,31.7,31.5,31.5,23.3
2023-04-26 19:40:00,31.7,31.5,31.5,23.3
2023-04-26 19:42:00,31.6,31.5,31.5,23.3
2023-04-26 19:44:00,31.6,31.4,31.5,23.3
2023-04-26 19:46:00,31.6,31.4,31.5,23.3
2023-04-26 19:48:00,31.7,31.4,31.5,23.3
2023-04-26 19:50:00,31.7,31.5,31.5,23.3
2023-04-26 19:52:00,31.7,31.5,31.5,23.3
2023-04-26 19:54:00,31.7,31.5,31.5,23.3
2023-04-26 19:56:00,31.6,31.4,31.4,23.3
2023-04-26 19:58:00,31.6,31.4,31.4,23.3
2023-04-26 20:00:00,31.6,31.4,31.4,23.3
2023-04-26 20:02:00,31.6,31.4,31.4,23.3
2023-04-26 20:04:00,31.6,31.4,31.4,23.3
2023-04-26 20:06:00,31.6,31.4,31.4,23.3
2023-04-26 20:08:00,31.6,31.4,31.4,23.3
2023-04-26 20:10:00,31.5,31.3,31.4,23.2
2023-04-26 20:12:00,31.6,31.4,31.4,23.3
2023-04-26 20:14:00,31.6,31.4,31.4,23.3
2023-04-26 20:16:00,31.5,31.3,31.3,23.2
2023-04-26 20:18:00,31.5,31.3,31.3,23.2
2023-04-26 20:20:00,31.5,31.3,31.3,23.2
2023-04-26 20:22:00,31.5,31.2,31.3,23.2
2023-04-26 20:24:00,31.5,31.3,31.3,23.3
2023-04-26 20:26:00,31.5,31.2,31.3,23.2
2023-04-26 20:28:00,31.5,31.2,31.3,23.2
2023-04-26 20:30:00,31.4,31.3,31.3,23.2
2023-04-26 20:32:00,31.4,31.2,31.2,23.2
2023-04-26 20:34:00,31.4,31.2,31.2,23.2
2023-04-26 20:36:00,31.4,31.2,31.2,23.2
2023-04-26 20:38:00,31.4,31.1,31.2,23.2
2023-04-26 20:40:00,31.3,31.1,31.2,23.2
2023-04-26 20:42:00,31.4,31.2,31.2,23.2
2023-04-26 20:44:00,31.3,31.1,31.2,23.2
2023-04-26 20:46:00,31.3,31.1,31.2,23.2
2023-04-26 20:48:00,31.3,31.1,31.1,23.2
2023-04-26 20:50:00,31.3,31.1,31.2,23.2
2023-04-26 20:52:00,31.3,31.0,31.1,23.2
2023-04-26 20:54:00,31.3,31.0,31.1,23.2
2023-04-26 20:56:00,31.2,31.0,31.1,23.2
2023-04-26 20:58:00,31.2,31.0,31.0,23.1
2023-04-26 21:00:00,31.2,31.0,31.0,23.2
2023-04-26 21:02:00,31.2,31.0,31.0,23.1
2023-04-26 21:04:00,31.2,31,31.1,23.2
2023-04-26 21:06:00,31.2,31.1,31.1,23.2
2023-04-26 21:08:00,31.2,31.0,31.0,23.1
2023-04-26 21:10:00,31.1,31.0,31.0,23.1
2023-04-26 21:12:00,31.1,31.0,31.0,23.1
2023-04-26 21:14:00,31.1,30.9,31.0,23.1
2023-04-26 21:16:00,31.1,31.0,31.0,23.2
2023-04-26 21:18:00,31.1,30.9,30.9,23.2
2023-04-26 21:20:00,31.1,30.9,30.9,23.1
2023-04-26 21:22:00,31.1,30.9,30.9,23.1
2023-04-26 21:24:00,31.1,30.9,31.0,23.1
2023-04-26 21:26:00,31.1,30.9,30.9,23.1
2023-04-26 21:28:00,31.1,30.9,30.9,23.2
2023-04-26 21:30:00,31.1,30.9,30.9,23.1
2023-04-26 21:32:00,31.1,30.9,30.9,23.2
2023-04-26 21:34:00,31.1,30.9,30.9,23.1
2023-04-26 21:36:00,31.1,30.9,30.9,23.1
2023-04-26 21:38:00,31.1,30.9,30.9,23.2
2023-04-26 21:40:00,31.1,30.8,30.9,23.1
2023-04-26 21:42:00,31.0,30.8,30.9,23.1
2023-04-26 21:44:00,31.0,30.8,30.8,23.1
2023-04-26 21:46:00,30.9,30.7,30.8,23.1
2023-04-26 21:48:00,31.0,30.8,30.8,23.1
2023-04-26 21:50:00,31.0,30.8,30.8,23.1
2023-04-26 21:52:00,30.9,30.7,30.8,23.1
2023-04-26 21:54:00,30.9,30.7,30.8,23.1
2023-04-26 21:56:00,30.9,30.7,30.8,23.1
2023-04-26 21:58:00,30.9,30.7,30.7,23.1
2023-04-26 22:00:00,30.9,30.7,30.7,23.1
2023-04-26 22:02:00,30.9,30.7,30.7,23.1
2023-04-26 22:04:00,30.9,30.7,30.7,23.1
2023-04-26 22:06:00,30.9,30.7,30.7,23.1
2023-04-26 22:08:00,30.9,30.7,30.7,23.1
2023-04-26 22:10:00,30.9,30.7,30.7,23.1
2023-04-26 22:12:00,30.8,30.6,30.7,23.1
2023-04-26 22:14:00,30.9,30.7,30.7,23.1
2023-04-26 22:16:00,30.8,30.6,30.7,23.1
2023-04-26 22:18:00,30.8,30.7,30.7,23.1
2023-04-26 22:20:00,30.8,30.6,30.6,23.1
2023-04-26 22:22:00,30.8,30.6,30.6,23.0
2023-04-26 22:24:00,30.8,30.6,30.6,23.1
2023-04-26 22:26:00,30.8,30.6,30.6,23.1
2023-04-26 22:28:00,30.8,30.6,30.6,23.1
2023-04-26 22:30:00,30.8,30.6,30.6,23.1
2023-04-26 22:32:00,30.8,30.6,30.6,23.1
2023-04-26 22:34:00,30.7,30.5,30.6,23.1
2023-04-26 22:36:00,30.7,30.5,30.6,23.0
2023-04-26 22:38:00,30.7,30.5,30.5,23.1
2023-04-26 22:40:00,30.7,30.5,30.5,23.1
2023-04-26 22:42:00,30.7,30.5,30.5,23.0
2023-04-26 22:44:00,30.7,30.5,30.5,23.1
2023-04-26 22:46:00,30.7,30.4,30.5,23.0
2023-04-26 22:48:00,30.6,30.5,30.5,23.0
2023-04-26 22:50:00,30.6,30.4,30.4,23.0
2023-04-26 22:52:00,30.6,30.4,30.5,23.0
2023-04-26 22:54:00,30.6,30.4,30.4,23.0
2023-04-26 22:56:00,30.6,30.4,30.4,23.0
2023-04-26 22:58:00,30.6,30.4,30.4,23.0
2023-04-26 23:00:00,30.6,30.4,30.4,23.1
2023-04-26 23:02:00,30.6,30.4,30.4,23.0
2023-04-26 23:04:00,30.6,30.4,30.4,23.0
2023-04-26 23:06:00,30.6,30.4,30.4,23.0
2023-04-26 23:08:00,30.5,30.3,30.4,23.0
2023-04-26 23:10:00,30.6,30.3,30.4,23.0
2023-04-26 23:12:00,30.5,30.3,30.4,23.0
2023-04-26 23:14:00,30.5,30.3,30.4,23.0
2023-04-26 23:16:00,30.6,30.3,30.4,23.0
2023-04-26 23:18:00,30.6,30.4,30.4,23.0
2023-04-26 23:20:00,30.5,30.3,30.4,23.0
2023-04-26 23:22:00,30.5,30.3,30.3,23.0
2023-04-26 23:24:00,30.5,30.3,30.4,23.0
2023-04-26 23:26:00,30.5,30.3,30.4,23.0
2023-04-26 23:28:00,30.5,30.3,30.3,23.0
2023-04-26 23:30:00,30.5,30.3,30.3,23.0
2023-04-26 23:32:00,30.5,30.3,30.3,23.0
2023-04-26 23:34:00,30.5,30.3,30.3,23.1
2023-04-26 23:36:00,30.5,30.2,30.3,23.0
2023-04-26 23:38:00,30.4,30.2,30.2,23.0
2023-04-26 23:40:00,30.4,30.1,30.2,23.0
2023-04-26 23:42:00,30.5,30.2,30.3,23.0
2023-04-26 23:44:00,30.5,30.2,30.2,23.0
2023-04-26 23:46:00,30.4,30.1,30.2,23.0
2023-04-26 23:48:00,30.3,30.1,30.2,23.0
2023-04-26 23:50:00,30.4,30.1,30.2,23.0
2023-04-26 23:52:00,30.3,30.1,30.2,23.0
2023-04-26 23:54:00,30.3,30.1,30.1,23.0
2023-04-26 23:56:00,30.3,30.1,30.1,22.9
2023-04-26 23:58:00,30.3,30.1,30.1,23.0
2023-04-27 00:00:00,30.3,30.1,30.1,22.9
2023-04-27 00:02:00,30.3,30.1,30.1,23.0
2023-04-27 00:04:00,30.3,30.1,30.1,23.0
2023-04-27 00:06:00,30.2,30.0,30.1,22.9
2023-04-27 00:08:00,30.2,30.0,30.1,23.0
2023-04-27 00:10:00,30.2,30.0,30.1,23.0
2023-04-27 00:12:00,30.2,30.0,30.1,23.0
2023-04-27 00:14:00,30.2,30.0,30.1,22.9
2023-04-27 00:16:00,30.2,29.9,30.0,23.0
2023-04-27 00:18:00,30.2,29.9,30.0,22.9
2023-04-27 00:20:00,30.1,29.9,30.0,22.9
2023-04-27 00:22:00,30.1,29.9,30.0,23.0
2023-04-27 00:24:00,30.1,29.9,30.0,23.0
2023-04-27 00:26:00,30.1,29.9,29.9,23.0
2023-04-27 00:28:00,30.1,29.8,29.9,22.9
2023-04-27 00:30:00,30.1,29.8,29.9,22.9
2023-04-27 00:32:00,30.1,29.9,30.0,23.0
2023-04-27 00:34:00,30.1,29.9,30.0,23.0
2023-04-27 00:36:00,30.1,29.9,30.0,23.0
2023-04-27 00:38:00,30.1,29.9,29.9,22.9
2023-04-27 00:40:00,30.1,29.9,29.9,22.9
2023-04-27 00:42:00,30.1,29.9,29.9,22.9
2023-04-27 00:44:00,30.0,29.8,29.9,22.9
2023-04-27 00:46:00,30.0,29.8,29.9,22.9
2023-04-27 00:48:00,30.0,29.8,29.9,23.0
2023-04-27 00:50:00,30.0,29.8,29.9,23.0
2023-04-27 00:52:00,30.0,29.8,29.9,23.0
2023-04-27 00:54:00,30.0,29.8,29.9,23.0
2023-04-27 00:56:00,30.0,29.8,29.9,22.9
2023-04-27 00:58:00,30.0,29.7,29.8,22.9
2023-04-27 01:00:00,30.0,29.7,29.8,22.9
2023-04-27 01:02:00,29.9,29.7,29.8,22.9
2023-04-27 01:04:00,29.9,29.7,29.8,22.9
2023-04-27 01:06:00,29.9,29.7,29.8,22.9
2023-04-27 01:08:00,29.9,29.7,29.8,22.9
2023-04-27 01:10:00,29.9,29.7,29.8,22.9
2023-04-27 01:12:00,29.9,29.7,29.8,22.9
2023-04-27 01:14:00,29.9,29.7,29.7,22.9
2023-04-27 01:16:00,29.9,29.7,29.7,22.9
2023-04-27 01:18:00,29.9,29.6,29.7,22.9
2023-04-27 01:20:00,29.8,29.6,29.7,22.9
2023-04-27 01:22:00,29.9,29.7,29.7,22.9
2023-04-27 01:24:00,29.9,29.7,29.7,22.9
2023-04-27 01:26:00,29.9,29.7,29.7,22.9
2023-04-27 01:28:00,29.9,29.7,29.7,22.9
2023-04-27 01:30:00,29.8,29.6,29.7,22.9
2023-04-27 01:32:00,29.9,29.7,29.7,22.9
2023-04-27 01:34:00,29.8,29.6,29.7,22.8
2023-04-27 01:36:00,29.8,29.6,29.6,22.8
2023-04-27 01:38:00,29.8,29.6,29.6,22.9
2023-04-27 01:40:00,29.8,29.5,29.6,22.9
2023-04-27 01:42:00,29.8,29.5,29.6,22.9
2023-04-27 01:44:00,29.8,29.5,29.6,22.8
2023-04-27 01:46:00,29.7,29.5,29.6,22.8
2023-04-27 01:48:00,29.7,29.5,29.5,22.9
2023-04-27 01:50:00,29.7,29.5,29.5,22.9
2023-04-27 01:52:00,29.8,29.5,29.6,22.9
2023-04-27 01:54:00,29.7,29.5,29.6,22.9
2023-04-27 01:56:00,29.7,29.5,29.5,22.9
2023-04-27 01:58:00,29.7,29.5,29.5,22.8
2023-04-27 02:00:00,29.6,29.5,29.5,22.9
2023-04-27 02:02:00,29.7,29.5,29.5,22.9
2023-04-27 02:04:00,29.7,29.5,29.5,22.9
2023-04-27 02:06:00,29.7,29.4,29.5,22.9
2023-04-27 02:08:00,29.7,29.5,29.5,22.8
2023-04-27 02:10:00,29.7,29.5,29.5,22.8
2023-04-27 02:12:00,29.6,29.4,29.5,22.8
2023-04-27 02:14:00,29.7,29.5,29.5,22.8
2023-04-27 02:16:00,29.6,29.4,29.5,22.8
2023-04-27 02:18:00,29.7,29.4,29.5,22.8
2023-04-27 02:20:00,29.6,29.4,29.4,22.8
2023-04-27 02:22:00,29.6,29.4,29.5,22.9
2023-04-27 02:24:00,29.6,29.4,29.4,22.9
2023-04-27 02:26:00,29.6,29.4,29.4,22.8
2023-04-27 02:28:00,29.5,29.4,29.4,22.8
2023-04-27 02:30:00,29.5,29.3,29.4,22.8
2023-04-27 02:32:00,29.5,29.3,29.3,22.8
2023-04-27 02:34:00,29.5,29.3,29.3,22.8
2023-04-27 02:36:00,29.6,29.4,29.4,22.8
2023-04-27 02:38:00,29.5,29.4,29.4,22.9
2023-04-27 02:40:00,29.5,29.4,29.3,22.9
2023-04-27 02:42:00,29.5,29.3,29.3,22.9
2023-04-27 02:44:00,29.5,29.3,29.3,22.8
2023-04-27 02:46:00,29.5,29.3,29.3,22.8
2023-04-27 02:48:00,29.5,29.3,29.3,22.9
2023-04-27 02:50:00,29.5,29.3,29.3,22.9
2023-04-27 02:52:00,29.5,29.3,29.3,22.9
2023-04-27 02:56:00,29.5,29.2,29.3,22.9
2023-04-27 02:58:00,29.5,29.3,29.3,22.9
2023-04-27 03:00:00,29.5,29.2,29.3,22.8
2023-04-27 03:02:00,29.4,29.2,29.3,22.8
2023-04-27 03:04:00,29.4,29.2,29.3,22.8
2023-04-27 03:06:00,29.4,29.2,29.2,22.8
2023-04-27 03:08:00,29.4,29.2,29.2,22.8
2023-04-27 03:10:00,29.5,29.2,29.2,22.8
2023-04-27 03:12:00,29.4,29.2,29.2,22.8
2023-04-27 03:14:00,29.4,29.2,29.2,22.8
2023-04-27 03:16:00,29.3,29.1,29.2,22.7
2023-04-27 03:18:00,29.4,29.1,29.2,22.7
2023-04-27 03:20:00,29.3,29.1,29.2,22.8
2023-04-27 03:22:00,29.3,29.1,29.2,22.7
2023-04-27 03:24:00,29.3,29.1,29.2,22.8
2023-04-27 03:26:00,29.3,29.1,29.2,22.8
2023-04-27 03:28:00,29.3,29.1,29.2,22.8
2023-04-27 03:30:00,29.3,29.1,29.1,22.8
2023-04-27 03:32:00,29.3,29.1,29.1,22.7
2023-04-27 03:34:00,29.3,29.1,29.1,22.7
2023-04-27 03:36:00,29.2,29.1,29.1,22.8
2023-04-27 03:38:00,29.3,29.1,29.1,22.8
2023-04-27 03:40:00,29.2,29.1,29.0,22.8
2023-04-27 03:42:00,29.2,29.0,29.1,22.8
2023-04-27 03:44:00,29.2,29.0,29.1,22.8
2023-04-27 03:46:00,29.1,28.9,29.0,22.8
2023-04-27 03:48:00,29.1,28.9,29.0,22.8
2023-04-27 03:50:00,29.2,29.0,29.1,22.8
2023-04-27 03:52:00,29.2,29.0,29.0,22.8
2023-04-27 03:54:00,29.1,28.9,29.0,22.8
2023-04-27 03:56:00,29.2,28.9,29.0,22.8
2023-04-27 03:58:00,29.1,28.9,29.0,22.8
2023-04-27 04:00:00,29.2,28.9,29.0,22.8
2023-04-27 04:02:00,29.1,28.9,29,22.8
2023-04-27 04:04:00,29.1,28.9,29.0,22.8
2023-04-27 04:06:00,29.1,28.9,28.9,22.8
2023-04-27 04:08:00,29.1,28.9,28.9,22.8
2023-04-27 04:10:00,29.1,28.9,28.9,22.8
2023-04-27 04:12:00,29.1,28.9,29.0,22.8
2023-04-27 04:14:00,29.1,28.8,28.9,22.8
2023-04-27 04:16:00,29.1,28.9,28.9,22.8
2023-04-27 04:18:00,29.1,28.8,28.9,22.8
2023-04-27 04:20:00,29.0,28.8,28.9,22.8
2023-04-27 04:22:00,29.1,28.9,28.9,22.8
2023-04-27 04:24:00,29.1,28.8,28.9,22.8
2023-04-27 04:26:00,29.0,28.8,28.9,22.8
2023-04-27 04:28:00,29.1,28.8,28.9,22.8
2023-04-27 04:30:00,29.1,28.8,28.9,22.8
2023-04-27 04:32:00,29.0,28.8,28.9,22.8
2023-04-27 04:34:00,29.0,28.8,28.8,22.8
2023-04-27 04:36:00,29.0,28.8,28.8,22.8
2023-04-27 04:38:00,28.9,28.7,28.8,22.8
2023-04-27 04:40:00,28.9,28.7,28.8,22.8
2023-04-27 04:42:00,28.9,28.8,28.8,22.8
2023-04-27 04:44:00,29.0,28.7,28.8,22.8
2023-04-27 04:46:00,28.9,28.7,28.8,22.7
2023-04-27 04:48:00,29.0,28.7,28.8,22.8
2023-04-27 04:50:00,28.9,28.7,28.8,22.8
2023-04-27 04:52:00,28.9,28.7,28.8,22.8
2023-04-27 04:54:00,29.0,28.7,28.8,22.8
2023-04-27 04:56:00,29.0,28.8,28.8,22.8
2023-04-27 04:58:00,28.9,28.7,28.8,22.7
2023-04-27 05:00:00,28.9,28.7,28.7,22.7
2023-04-27 05:02:00,28.9,28.7,28.7,22.7
2023-04-27 05:04:00,28.9,28.7,28.8,22.7
2023-04-27 05:06:00,28.9,28.7,28.7,22.7
2023-04-27 05:08:00,28.8,28.6,28.7,22.7
2023-04-27 05:10:00,28.8,28.6,28.7,22.7
2023-04-27 05:12:00,28.8,28.5,28.7,22.7
2023-04-27 05:14:00,28.8,28.6,28.6,22.7
2023-04-27 05:16:00,28.8,28.5,28.6,22.7
2023-04-27 05:18:00,28.8,28.6,28.6,22.7
2023-04-27 05:20:00,28.8,28.5,28.6,22.8
2023-04-27 05:22:00,28.7,28.5,28.6,22.7
2023-04-27 05:24:00,28.7,28.5,28.6,22.7
2023-04-27 05:26:00,28.7,28.5,28.6,22.8
2023-04-27 05:28:00,28.8,28.5,28.6,22.8
2023-04-27 05:30:00,28.7,28.5,28.6,22.8
2023-04-27 05:32:00,28.7,28.5,28.6,22.7
2023-04-27 05:34:00,28.7,28.4,28.6,22.8
2023-04-27 05:36:00,28.6,28.4,28.5,22.7
2023-04-27 05:38:00,28.7,28.4,28.5,22.7
2023-04-27 05:40:00,28.7,28.4,28.5,22.7
2023-04-27 05:42:00,28.7,28.5,28.5,22.8
2023-04-27 05:44:00,28.7,28.5,28.5,22.8
2023-04-27 05:46:00,28.6,28.4,28.5,22.8
2023-04-27 05:48:00,28.6,28.4,28.5,22.7
2023-04-27 05:50:00,28.6,28.4,28.5,22.7
2023-04-27 05:52:00,28.6,28.4,28.5,22.8
2023-04-27 05:54:00,28.6,28.4,28.5,22.8
2023-04-27 05:56:00,28.6,28.4,28.5,22.8
2023-04-27 05:58:00,28.6,28.4,28.5,22.8
2023-04-27 06:00:00,28.6,28.4,28.5,22.8
2023-04-27 06:02:00,28.6,28.5,28.5,22.8
2023-04-27 06:04:00,28.6,28.5,28.5,22.8
2023-04-27 06:06:00,28.6,28.5,28.5,22.8
2023-04-27 06:08:00,28.7,28.4,28.5,22.8
2023-04-27 06:10:00,28.7,28.4,28.5,22.9
2023-04-27 06:12:00,28.6,28.4,28.5,22.8
2023-04-27 06:14:00,28.7,28.4,28.5,22.9
2023-04-27 06:16:00,28.7,28.4,28.5,22.9
2023-04-27 06:18:00,28.6,28.4,28.4,22.8
2023-04-27 06:20:00,28.6,28.4,28.4,22.9
2023-04-27 06:22:00,28.6,28.4,28.4,22.8
2023-04-27 06:24:00,28.6,28.4,28.4,22.9
2023-04-27 06:26:00,28.6,28.4,28.4,22.9
2023-04-27 06:28:00,28.6,28.4,28.4,22.9
2023-04-27 06:30:00,28.6,28.4,28.4,22.9
2023-04-27 06:32:00,28.6,28.4,28.4,22.8
2023-04-27 06:34:00,28.6,28.3,28.4,22.9
2023-04-27 06:36:00,28.6,28.3,28.4,22.9
2023-04-27 06:38:00,28.5,28.3,28.4,22.9
2023-04-27 06:40:00,28.5,28.3,28.3,22.8
2023-04-27 06:42:00,28.5,28.3,28.3,22.8
2023-04-27 06:44:00,28.5,28.4,28.3,22.8
2023-04-27 06:46:00,28.5,28.4,28.3,22.9
2023-04-27 06:48:00,28.5,28.2,28.3,22.9
2023-04-27 06:50:00,28.4,28.2,28.3,22.9
2023-04-27 06:52:00,28.4,28.2,28.3,22.9
2023-04-27 06:54:00,28.5,28.3,28.3,22.9
2023-04-27 06:56:00,28.5,28.3,28.3,22.9
2023-04-27 06:58:00,28.4,28.2,28.3,22.9
2023-04-27 07:00:00,28.4,28.2,28.3,23.0
2023-04-27 07:02:00,28.4,28.2,28.2,23.0
2023-04-27 07:04:00,28.3,28.2,28.2,23.0
2023-04-27 07:06:00,28.3,28.2,28.2,23.0
2023-04-27 07:08:00,28.3,28.1,28.2,23.0
2023-04-27 07:10:00,28.3,28.1,28.2,23.0
2023-04-27 07:12:00,28.3,28.1,28.2,23.0
2023-04-27 07:14:00,28.3,28.1,28.2,23.0
2023-04-27 07:16:00,28.4,28.2,28.2,23.0
2023-04-27 07:18:00,28.3,28.2,28.2,23.0
2023-04-27 07:20:00,28.4,28.2,28.2,23.0
2023-04-27 07:22:00,28.4,28.2,28.2,23.0
2023-04-27 07:24:00,28.3,28.2,28.2,23
2023-04-27 07:26:00,28.3,28.2,28.2,23.0
2023-04-27 07:28:00,28.3,28.1,28.2,23.0
2023-04-27 07:30:00,28.3,28.1,28.1,23.0
2023-04-27 07:32:00,28.3,28.1,28.1,23.0
2023-04-27 07:34:00,28.3,28.0,28.1,23.0
2023-04-27 07:36:00,28.3,28.1,28.1,23.0
2023-04-27 07:38:00,28.3,28.1,28.1,23.1
2023-04-27 07:40:00,28.2,28.0,28.1,23.1
2023-04-27 07:42:00,28.2,28.1,28.1,23.1
2023-04-27 07:44:00,28.2,28.1,28.1,23.1
2023-04-27 07:46:00,28.3,28.1,28.1,23.0
2023-04-27 07:48:00,28.3,28.1,28.1,23.1
2023-04-27 07:50:00,28.2,28.1,28.1,23.1
2023-04-27 07:52:00,28.2,28.1,28.1,23.1
2023-04-27 07:54:00,28.2,28.1,28.1,23.1
2023-04-27 07:56:00,28.2,28.1,28.1,23.1
2023-04-27 07:58:00,28.2,28.1,28.1,23.1
2023-04-27 08:00:00,28.2,28.0,28.0,23.1
2023-04-27 08:02:00,28.2,28.1,28.0,23.1
2023-04-27 08:04:00,28.2,28.0,28.0,23.1
2023-04-27 08:06:00,28.2,28.1,28.0,23.1
2023-04-27 08:08:00,28.2,28.1,28.0,23.1
2023-04-27 08:10:00,28.2,28.1,28.0,23.1
2023-04-27 08:12:00,28.2,28.1,28.0,23.2
2023-04-27 08:14:00,28.2,28.1,28.0,23.2
2023-04-27 08:16:00,28.2,28.1,28.0,23.2
2023-04-27 08:18:00,28.2,28.1,28.0,23.1
2023-04-27 08:20:00,28.1,28.1,28.0,23.1
2023-04-27 08:22:00,28.2,28.0,28.0,23.1
2023-04-27 08:24:00,28.1,28.0,28.0,23.1
2023-04-27 08:26:00,28.1,28.1,28.0,23.1
2023-04-27 08:28:00,28.1,28.0,28.0,23.1
2023-04-27 08:30:00,28.1,28.0,28.0,23.1
2023-04-27 08:32:00,28.1,28.0,28.0,23.2
2023-04-27 08:34:00,28.1,28.0,27.9,23.2
2023-04-27 08:36:00,28.1,28.0,28.0,23.1
2023-04-27 08:38:00,28.1,28.0,27.9,23.2
2023-04-27 08:40:00,28.1,28.0,27.9,23.1
2023-04-27 08:42:00,28.1,28.0,27.9,23.1
2023-04-27 08:44:00,28.1,28.0,27.9,23.1
2023-04-27 08:46:00,28.1,28.0,27.9,23.1
2023-04-27 08:48:00,28.1,28.0,27.9,23.1
2023-04-27 08:50:00,28.1,28.0,27.9,23.1
2023-04-27 08:52:00,28.1,28.0,27.9,23.2
2023-04-27 08:54:00,28.1,28.0,27.9,23.2
2023-04-27 08:56:00,28.1,28.0,27.9,23.2
2023-04-27 08:58:00,28.1,28.0,27.9,23.1
2023-04-27 09:00:00,28.0,28.0,27.9,23.1
2023-04-27 09:02:00,28.0,27.9,27.9,23.1
2023-04-27 09:04:00,28.0,27.9,27.9,23.1
2023-04-27 09:06:00,28.0,27.9,27.9,23.1
2023-04-27 09:08:00,28.0,27.9,27.9,23.1
2023-04-27 09:10:00,28.0,27.9,27.9,23.2
2023-04-27 09:12:00,28.0,27.9,27.9,23.1
2023-04-27 09:14:00,28.0,27.9,27.9,23.2
2023-04-27 09:16:00,28.0,27.9,27.8,23.1
2023-04-27 09:18:00,28,27.9,27.8,23.2
2023-04-27 09:20:00,28.0,27.9,27.8,23.2
2023-04-27 09:22:00,28,27.9,27.8,23.1
2023-04-27 09:24:00,28.0,27.9,27.8,23.2
2023-04-27 09:26:00,28.0,27.9,27.8,23.2
2023-04-27 09:28:00,28.0,27.9,27.8,23.2
2023-04-27 09:30:00,28.0,27.8,27.8,23.2
2023-04-27 09:32:00,28.0,27.8,27.8,23.3
2023-04-27 09:34:00,27.9,27.8,27.8,23.2
2023-04-27 09:36:00,27.9,27.8,27.8,23.2
2023-04-27 09:38:00,27.9,27.8,27.8,23.2
2023-04-27 09:40:00,27.9,27.8,27.8,23.2
2023-04-27 09:42:00,27.9,27.8,27.8,23.3
2023-04-27 09:44:00,27.9,27.8,27.7,23.3
2023-04-27 09:46:00,27.9,27.8,27.7,23.3
2023-04-27 09:48:00,27.9,27.8,27.7,23.2
2023-04-27 09:50:00,27.9,27.7,27.7,23.3
2023-04-27 09:52:00,27.9,27.8,27.7,23.3
2023-04-27 09:54:00,27.9,27.8,27.7,23.3
2023-04-27 09:56:00,27.9,27.7,27.7,23.3
2023-04-27 09:58:00,27.9,27.8,27.7,23.3
2023-04-27 10:00:00,27.9,27.8,27.7,23.3
2023-04-27 10:02:00,27.9,27.8,27.7,23.4
2023-04-27 10:04:00,27.9,27.8,27.7,23.3
2023-04-27 10:06:00,27.8,27.8,27.7,23.4
2023-04-27 10:08:00,27.9,27.8,27.7,23.3
2023-04-27 10:10:00,27.9,27.7,27.7,23.3
2023-04-27 10:12:00,27.8,27.7,27.7,23.3
2023-04-27 10:14:00,27.8,27.7,27.7,23.4
2023-04-27 10:16:00,27.8,27.7,27.7,23.4
2023-04-27 10:18:00,27.8,27.7,27.6,23.4
2023-04-27 10:20:00,27.8,27.7,27.6,23.4
2023-04-27 10:22:00,27.8,27.7,27.6,23.4
2023-04-27 10:24:00,27.8,27.7,27.6,23.4
2023-04-27 10:26:00,27.8,27.7,27.6,23.4
2023-04-27 10:28:00,27.8,27.7,27.6,23.5
2023-04-27 10:30:00,27.8,27.7,27.6,23.5
2023-04-27 10:32:00,27.8,27.7,27.6,23.5
2023-04-27 10:34:00,27.8,27.7,27.6,23.5
2023-04-27 10:36:00,27.7,27.6,27.6,23.4
2023-04-27 10:38:00,27.7,27.6,27.6,23.5
2023-04-27 10:40:00,27.7,27.6,27.6,23.5
2023-04-27 10:42:00,27.7,27.6,27.6,23.5
2023-04-27 10:44:00,27.7,27.6,27.6,23.5
2023-04-27 10:46:00,27.7,27.6,27.6,23.5
2023-04-27 10:48:00,27.7,27.6,27.6,23.5
2023-04-27 10:50:00,27.7,27.6,27.5,23.5
2023-04-27 10:52:00,27.7,27.6,27.5,23.5
2023-04-27 10:54:00,27.7,27.6,27.5,23.5
2023-04-27 10:56:00,27.7,27.6,27.5,23.6
2023-04-27 10:58:00,27.7,27.6,27.5,23.5
2023-04-27 11:00:00,27.7,27.6,27.5,23.6
2023-04-27 11:02:00,27.7,27.6,27.5,23.5
2023-04-27 11:04:00,27.7,27.6,27.5,23.6
2023-04-27 11:06:00,27.6,27.6,27.5,23.6
2023-04-27 11:08:00,27.6,27.6,27.5,23.6
2023-04-27 11:10:00,27.6,27.6,27.5,23.6
2023-04-27 11:12:00,27.6,27.5,27.5,23.6
2023-04-27 11:14:00,27.6,27.5,27.5,23.6
2023-04-27 11:16:00,27.6,27.5,27.5,23.6
2023-04-27 11:18:00,27.6,27.5,27.5,23.6
2023-04-27 11:20:00,27.6,27.5,27.5,23.6
2023-04-27 11:22:00,27.7,27.5,27.5,23.7
2023-04-27 11:24:00,27.6,27.5,27.4,23.6
2023-04-27 11:26:00,27.6,27.5,27.5,23.7
2023-04-27 11:28:00,27.6,27.5,27.5,23.7
2023-04-27 11:30:00,27.6,27.5,27.5,23.7
2023-04-27 11:32:00,27.6,27.5,27.5,23.6
2023-04-27 11:34:00,27.6,27.5,27.5,23.7
2023-04-27 11:36:00,27.6,27.5,27.5,23.7
2023-04-27 11:38:00,27.5,27.5,27.4,23.7
2023-04-27 11:40:00,27.6,27.5,27.4,23.7
2023-04-27 11:42:00,27.6,27.5,27.4,23.7
2023-04-27 11:44:00,27.6,27.5,27.4,23.6
2023-04-27 11:46:00,27.6,27.5,27.4,23.7
2023-04-27 11:48:00,27.6,27.5,27.4,23.7
2023-04-27 11:50:00,27.6,27.5,27.4,23.7
2023-04-27 11:52:00,27.6,27.4,27.4,23.7
2023-04-27 11:54:00,27.5,27.4,27.4,23.7
2023-04-27 11:56:00,27.5,27.5,27.4,23.7
2023-04-27 11:58:00,27.5,27.4,27.4,23.7
2023-04-27 12:00:00,27.6,27.4,27.4,23.7
2023-04-27 12:02:00,27.6,27.5,27.4,23.7
2023-04-27 12:04:00,27.6,27.4,27.4,23.7
2023-04-27 12:06:00,27.5,27.4,27.3,23.7
2023-04-27 12:08:00,27.5,27.4,27.4,23.8
2023-04-27 12:10:00,27.5,27.4,27.4,23.7
2023-04-27 12:12:00,27.5,27.4,27.4,23.7
2023-04-27 12:14:00,27.5,27.4,27.4,23.7
2023-04-27 12:16:00,27.5,27.4,27.4,23.7
2023-04-27 12:18:00,27.5,27.4,27.4,23.7
2023-04-27 12:20:00,27.5,27.4,27.4,23.7
2023-04-27 12:22:00,27.5,27.4,27.4,23.7
2023-04-27 12:24:00,27.4,27.4,27.4,23.7
2023-04-27 12:26:00,27.4,27.4,27.4,23.7
2023-04-27 12:28:00,27.4,27.4,27.4,23.7
2023-04-27 12:30:00,27.4,27.4,27.3,23.7
2023-04-27 12:32:00,27.4,27.3,27.3,23.7
2023-04-27 12:34:00,27.4,27.3,27.3,23.7
2023-04-27 12:36:00,27.4,27.3,27.3,23.7
2023-04-27 12:38:00,27.4,27.3,27.3,23.7
2023-04-27 12:40:00,27.4,27.4,27.3,23.7
2023-04-27 12:42:00,27.4,27.3,27.3,23.8
2023-04-27 12:44:00,27.4,27.3,27.3,23.7
2023-04-27 12:46:00,27.4,27.3,27.3,23.8
2023-04-27 12:48:00,27.4,27.3,27.3,23.7
2023-04-27 12:50:00,27.4,27.3,27.3,23.7
2023-04-27 12:52:00,27.4,27.3,27.2,23.7
2023-04-27 12:54:00,27.4,27.3,27.2,23.7
2023-04-27 12:56:00,27.4,27.3,27.2,23.8
2023-04-27 12:58:00,27.4,27.3,27.2,23.8
2023-04-27 13:00:00,27.4,27.4,27.3,23.7
2023-04-27 13:02:00,27.4,27.3,27.3,23.8
2023-04-27 13:04:00,27.4,27.3,27.3,23.7
2023-04-27 13:06:00,27.4,27.3,27.3,23.7
2023-04-27 13:08:00,27.4,27.3,27.3,23.8
2023-04-27 13:10:00,27.4,27.3,27.2,23.7
2023-04-27 13:12:00,27.4,27.3,27.2,23.7
2023-04-27 13:14:00,27.4,27.3,27.2,23.7
2023-04-27 13:16:00,27.4,27.3,27.2,23.7
2023-04-27 13:18:00,27.4,27.3,27.2,23.7
2023-04-27 13:20:00,27.3,27.3,27.2,23.7
2023-04-27 13:22:00,27.3,27.3,27.2,23.8
2023-04-27 13:24:00,27.3,27.3,27.2,23.7
2023-04-27 13:26:00,27.4,27.3,27.2,23.7
2023-04-27 13:28:00,27.3,27.2,27.2,23.8
2023-04-27 13:30:00,27.3,27.3,27.2,23.7
2023-04-27 13:32:00,27.3,27.3,27.2,23.7
2023-04-27 13:34:00,27.3,27.3,27.2,23.7
2023-04-27 13:36:00,27.3,27.2,27.2,23.7
2023-04-27 13:38:00,27.3,27.2,27.2,23.8
2023-04-27 13:40:00,27.3,27.2,27.2,23.7
2023-04-27 13:42:00,27.3,27.2,27.2,23.7
2023-04-27 13:44:00,27.3,27.2,27.2,23.7
2023-04-27 13:46:00,27.3,27.2,27.1,23.8
2023-04-27 13:48:00,27.3,27.2,27.1,23.8
2023-04-27 13:50:00,27.2,27.2,27.1,23.8
2023-04-27 13:52:00,27.2,27.2,27.2,23.8
2023-04-27 13:54:00,27.2,27.2,27.2,23.8
2023-04-27 13:56:00,27.2,27.1,27.1,23.9
2023-04-27 13:58:00,27.3,27.1,27.1,23.9
2023-04-27 14:00:00,27.3,27.1,27.1,23.9
2023-04-27 14:02:00,27.3,27.1,27.1,23.9
2023-04-27 14:04:00,27.2,27.2,27.1,23.9
2023-04-27 14:06:00,27.3,27.2,27.1,23.9
2023-04-27 14:08:00,27.3,27.2,27.1,23.9
2023-04-27 14:10:00,27.3,27.2,27.1,23.9
2023-04-27 14:12:00,27.3,27.2,27.1,23.9
2023-04-27 14:14:00,27.2,27.2,27.1,24.0
2023-04-27 14:16:00,27.2,27.1,27.1,24.0
2023-04-27 14:18:00,27.3,27.2,27.1,24.0
2023-04-27 14:20:00,27.2,27.2,27.1,23.9
2023-04-27 14:22:00,27.3,27.1,27.1,23.9
2023-04-27 14:24:00,27.3,27.1,27.1,23.9
2023-04-27 14:26:00,27.3,27.1,27.1,23.9
2023-04-27 14:28:00,27.2,27.1,27.1,23.9
2023-04-27 14:30:00,27.2,27.1,27.1,23.9
2023-04-27 14:32:00,27.2,27.1,27.1,23.9
2023-04-27 14:34:00,27.2,27.1,27.1,23.9
2023-04-27 14:36:00,27.2,27.1,27.1,23.9
2023-04-27 14:38:00,27.2,27.1,27.1,23.9
2023-04-27 14:40:00,27.2,27.1,27.0,23.9
2023-04-27 14:42:00,27.2,27.1,27.1,23.9
2023-04-27 14:44:00,27.2,27.1,27.0,23.9
2023-04-27 14:46:00,27.2,27.1,27.0,23.9
2023-04-27 14:48:00,27.2,27.1,27.0,23.9
2023-04-27 14:50:00,27.2,27.1,27.0,23.9
2023-04-27 14:52:00,27.2,27.1,27.1,23.9
2023-04-27 14:54:00,27.2,27.1,27.0,23.9
2023-04-27 14:56:00,27.2,27.1,27.0,23.9
2023-04-27 14:58:00,27.2,27.1,27.0,23.9
2023-04-27 15:00:00,27.2,27.1,27.0,23.9
2023-04-27 15:02:00,27.2,27.0,27.0,23.9
2023-04-27 15:04:00,27.2,27.0,27.0,23.9
2023-04-27 15:06:00,27.2,27.0,27.0,23.9
2023-04-27 15:08:00,27.1,27.0,27.0,23.9
2023-04-27 15:10:00,27.1,27.1,27.0,23.9
2023-04-27 15:12:00,27.1,27.1,27.0,23.9
2023-04-27 15:14:00,27.1,27.0,27.0,23.9
2023-04-27 15:16:00,27.1,27.0,27.0,23.9
2023-04-27 15:18:00,27.1,27.0,27.0,23.9
2023-04-27 15:20:00,27.1,27.0,27.0,23.9
2023-04-27 15:22:00,27.1,27.0,27.0,23.9
2023-04-27 15:24:00,27.1,27.0,27.0,23.9
2023-04-27 15:26:00,27.1,27.0,27.0,23.9
2023-04-27 15:28:00,27.1,27.0,27.0,23.9
2023-04-27 15:30:00,27.1,27.0,27.0,23.9
2023-04-27 15:32:00,27.1,27.0,27.0,23.9
2023-04-27 15:34:00,27.1,27.0,27.0,23.9
2023-04-27 15:36:00,27.1,27.0,27.0,23.9
2023-04-27 15:38:00,27.1,27.0,27.0,23.9
2023-04-27 15:40:00,27.1,27.0,27.0,23.8
2023-04-27 15:42:00,27.1,27.0,27.0,23.9
2023-04-27 15:44:00,27.1,27.0,27.0,23.9
2023-04-27 15:46:00,27.1,27.0,27.0,23.9
2023-04-27 15:48:00,27.1,27.0,27.0,23.9
2023-04-27 15:50:00,27.1,27.0,26.9,23.9
2023-04-27 15:52:00,27.1,27.0,27.0,23.9
2023-04-27 15:54:00,27.0,26.9,26.9,23.9
2023-04-27 15:56:00,27.1,26.9,26.9,23.9
2023-04-27 15:58:00,27.1,27.0,26.9,23.9
2023-04-27 16:00:00,27.1,27.0,26.9,23.9
2023-04-27 16:02:00,27.1,27.0,26.9,23.9
2023-04-27 16:04:00,27.0,27.0,26.9,23.8
2023-04-27 16:06:00,27.1,26.9,26.9,23.9
2023-04-27 16:08:00,27.0,26.9,26.9,23.9
2023-04-27 16:10:00,27.0,26.9,26.9,23.8
2023-04-27 16:12:00,27.0,26.9,26.9,23.8
2023-04-27 16:14:00,27.0,26.9,26.9,23.8
2023-04-27 16:16:00,27.0,26.9,26.9,23.8
2023-04-27 16:18:00,27.0,26.9,26.9,23.8
2023-04-27 16:20:00,27.0,26.9,26.9,23.8
2023-04-27 16:22:00,27.0,26.9,26.9,23.8
2023-04-27 16:24:00,27.0,26.9,26.9,23.8
2023-04-27 16:26:00,27.0,26.9,26.9,23.8
2023-04-27 16:28:00,27.0,26.9,26.9,23.8
2023-04-27 16:30:00,27.0,26.9,26.9,23.8
2023-04-27 16:32:00,27.0,26.9,26.9,23.8
2023-04-27 16:34:00,27.0,26.9,26.9,23.8
2023-04-27 16:36:00,27.0,26.9,26.9,23.8
2023-04-27 16:38:00,27.0,26.9,26.8,23.8
2023-04-27 16:40:00,27.0,26.9,26.8,23.8
2023-04-27 16:42:00,27.0,26.8,26.8,23.8
2023-04-27 16:44:00,27.0,26.8,26.8,23.8
2023-04-27 16:46:00,27.0,26.8,26.8,23.8
2023-04-27 16:48:00,27.0,26.9,26.8,23.8
2023-04-27 16:50:00,26.9,26.8,26.8,23.8
2023-04-27 16:52:00,26.9,26.8,26.8,23.8
2023-04-27 16:54:00,26.9,26.8,26.8,23.8
2023-04-27 16:56:00,26.9,26.8,26.8,23.8
2023-04-27 16:58:00,26.9,26.8,26.8,23.8
2023-04-27 17:00:00,26.9,26.8,26.8,23.7
2023-04-27 17:02:00,26.9,26.8,26.8,23.8
2023-04-27 17:04:00,26.9,26.8,26.8,23.7
2023-04-27 17:06:00,26.9,26.8,26.8,23.7
2023-04-27 17:08:00,26.9,26.8,26.8,23.8
2023-04-27 17:10:00,26.9,26.8,26.7,23.7
2023-04-27 17:12:00,26.9,26.8,26.8,23.7
2023-04-27 17:14:00,26.9,26.8,26.8,23.7
2023-04-27 17:16:00,26.9,26.8,26.8,23.7
2023-04-27 17:18:00,26.9,26.8,26.8,23.8
2023-04-27 17:20:00,26.9,26.8,26.8,23.8
2023-04-27 17:22:00,26.9,26.8,26.8,23.8
2023-04-27 17:24:00,26.9,26.8,26.8,23.8
2023-04-27 17:26:00,26.9,26.8,26.7,23.7
2023-04-27 17:28:00,26.9,26.8,26.8,23.8
2023-04-27 17:30:00,26.9,26.8,26.7,23.8
2023-04-27 17:32:00,26.9,26.8,26.7,23.7
2023-04-27 17:34:00,26.9,26.7,26.7,23.8
2023-04-27 17:36:00,26.9,26.7,26.7,23.7
2023-04-27 17:38:00,26.9,26.7,26.7,23.7
2023-04-27 17:40:00,26.9,26.8,26.7,23.7
2023-04-27 17:42:00,26.9,26.7,26.7,23.7
2023-04-27 17:44:00,26.9,26.7,26.7,23.7
2023-04-27 17:46:00,26.9,26.7,26.7,23.7
2023-04-27 17:48:00,26.8,26.7,26.7,23.7
2023-04-27 17:50:00,26.8,26.7,26.7,23.7
2023-04-27 17:52:00,26.8,26.7,26.7,23.7
2023-04-27 17:54:00,26.8,26.7,26.7,23.7
2023-04-27 17:56:00,26.8,26.7,26.7,23.8
2023-04-27 17:58:00,26.8,26.7,26.7,23.6
2023-04-27 18:00:00,26.9,26.7,26.7,23.7
2023-04-27 18:02:00,26.8,26.7,26.7,23.7
2023-04-27 18:04:00,26.9,26.7,26.7,23.7
2023-04-27 18:06:00,26.8,26.6,26.7,23.6
2023-04-27 18:08:00,26.8,26.7,26.7,23.6
2023-04-27 18:10:00,26.8,26.7,26.7,23.7
2023-04-27 18:12:00,26.8,26.7,26.7,23.7
2023-04-27 18:14:00,26.8,26.6,26.6,23.6
2023-04-27 18:16:00,26.8,26.6,26.6,23.6
2023-04-27 18:18:00,26.8,26.7,26.6,23.6
2023-04-27 18:20:00,26.8,26.7,26.6,23.6
2023-04-27 18:22:00,26.8,26.7,26.6,23.6
2023-04-27 18:24:00,26.8,26.7,26.6,23.6
2023-04-27 18:26:00,26.8,26.6,26.6,23.6
2023-04-27 18:28:00,26.8,26.6,26.6,23.6
2023-04-27 18:30:00,26.8,26.6,26.6,23.6
2023-04-27 18:32:00,26.8,26.6,26.6,23.5
2023-04-27 18:34:00,26.8,26.6,26.6,23.6
2023-04-27 18:36:00,26.8,26.6,26.6,23.5
2023-04-27 18:38:00,26.7,26.6,26.6,23.5
2023-04-27 18:40:00,26.7,26.6,26.6,23.5
2023-04-27 18:42:00,26.7,26.6,26.5,23.5
2023-04-27 18:44:00,26.7,26.6,26.5,23.5
2023-04-27 18:46:00,26.7,26.6,26.6,23.5
2023-04-27 18:48:00,26.7,26.6,26.5,23.5
2023-04-27 18:50:00,26.7,26.6,26.5,23.5
2023-04-27 18:52:00,26.7,26.5,26.6,23.5
2023-04-27 18:54:00,26.6,26.5,26.6,23.4
2023-04-27 18:56:00,26.7,26.6,26.5,23.5
2023-04-27 18:58:00,26.7,26.6,26.5,23.5
2023-04-27 19:00:00,26.7,26.5,26.5,23.5
2023-04-27 19:02:00,26.7,26.5,26.5,23.5
2023-04-27 19:04:00,26.7,26.5,26.5,23.5
2023-04-27 19:06:00,26.7,26.5,26.5,23.5
2023-04-27 19:08:00,26.7,26.5,26.5,23.5
2023-04-27 19:10:00,26.7,26.5,26.5,23.5
2023-04-27 19:12:00,26.7,26.5,26.6,23.5
2023-04-27 19:14:00,26.7,26.5,26.6,23.5
2023-04-27 19:16:00,26.7,26.5,26.6,23.5
2023-04-27 19:18:00,26.7,26.5,26.5,23.5
2023-04-27 19:20:00,26.7,26.5,26.5,23.5
2023-04-27 19:22:00,26.7,26.5,26.5,23.5
2023-04-27 19:24:00,26.7,26.5,26.5,23.5
2023-04-27 19:26:00,26.7,26.5,26.5,23.5
2023-04-27 19:28:00,26.7,26.4,26.5,23.4
2023-04-27 19:30:00,26.7,26.5,26.5,23.4
2023-04-27 19:32:00,26.7,26.5,26.5,23.5
2023-04-27 19:34:00,26.6,26.4,26.5,23.4
2023-04-27 19:36:00,26.6,26.5,26.5,23.4
2023-04-27 19:38:00,26.6,26.5,26.5,23.4
2023-04-27 19:40:00,26.7,26.5,26.5,23.5
2023-04-27 19:42:00,26.7,26.5,26.5,23.5
2023-04-27 19:44:00,26.7,26.5,26.5,23.4
2023-04-27 19:46:00,26.6,26.4,26.5,23.4
2023-04-27 19:48:00,26.6,26.4,26.5,23.4
2023-04-27 19:50:00,26.6,26.4,26.5,23.4
2023-04-27 19:52:00,26.6,26.4,26.4,23.4
2023-04-27 19:54:00,26.6,26.4,26.4,23.4
2023-04-27 19:56:00,26.6,26.4,26.5,23.4
2023-04-27 19:58:00,26.6,26.4,26.5,23.4
2023-04-27 20:00:00,26.6,26.5,26.4,23.4
2023-04-27 20:02:00,26.6,26.4,26.4,23.4
2023-04-27 20:04:00,26.6,26.4,26.4,23.4
2023-04-27 20:06:00,26.6,26.4,26.4,23.4
2023-04-27 20:08:00,26.6,26.4,26.4,23.3
2023-04-27 20:10:00,26.6,26.5,26.5,23.4
2023-04-27 20:12:00,26.6,26.5,26.4,23.4
2023-04-27 20:14:00,26.6,26.4,26.4,23.3
2023-04-27 20:16:00,26.6,26.4,26.4,23.4
2023-04-27 20:18:00,26.6,26.4,26.4,23.3
2023-04-27 20:20:00,26.6,26.4,26.4,23.4
2023-04-27 20:22:00,26.6,26.4,26.4,23.3
2023-04-27 20:24:00,26.6,26.4,26.4,23.3
2023-04-27 20:26:00,26.6,26.4,26.4,23.3
2023-04-27 20:28:00,26.5,26.4,26.4,23.3
2023-04-27 20:30:00,26.5,26.3,26.4,23.3
2023-04-27 20:32:00,26.5,26.3,26.4,23.3
2023-04-27 20:34:00,26.5,26.4,26.4,23.4
2023-04-27 20:36:00,26.5,26.4,26.3,23.3
2023-04-27 20:38:00,26.5,26.4,26.3,23.2
2023-04-27 20:40:00,26.5,26.3,26.3,23.2
2023-04-27 20:42:00,26.5,26.3,26.4,23.2
2023-04-27 20:44:00,26.4,26.3,26.3,23.2
2023-04-27 20:46:00,26.5,26.3,26.3,23.3
2023-04-27 20:48:00,26.5,26.3,26.3,23.2
2023-04-27 20:50:00,26.5,26.3,26.3,23.2
2023-04-27 20:52:00,26.5,26.3,26.3,23.2
2023-04-27 20:54:00,26.5,26.3,26.3,23.2
2023-04-27 20:56:00,26.5,26.3,26.3,23.2
2023-04-27 20:58:00,26.4,26.2,26.3,23.2
2023-04-27 21:00:00,26.4,26.2,26.3,23.2
2023-04-27 21:02:00,26.4,26.2,26.3,23.2
2023-04-27 21:04:00,26.4,26.3,26.3,23.2
2023-04-27 21:06:00,26.5,26.3,26.3,23.3
2023-04-27 21:08:00,26.5,26.3,26.3,23.2
2023-04-27 21:10:00,26.5,26.3,26.3,23.2
2023-04-27 21:12:00,26.5,26.3,26.3,23.3
2023-04-27 21:14:00,26.5,26.3,26.3,23.2
2023-04-27 21:16:00,26.4,26.3,26.3,23.2
2023-04-27 21:18:00,26.4,26.3,26.3,23.2
2023-04-27 21:20:00,26.4,26.3,26.3,23.2
2023-04-27 21:22:00,26.4,26.3,26.3,23.2
2023-04-27 21:24:00,26.4,26.2,26.3,23.2
2023-04-27 21:26:00,26.4,26.3,26.2,23.2
2023-04-27 21:28:00,26.4,26.2,26.2,23.2
2023-04-27 21:30:00,26.4,26.3,26.2,23.2
2023-04-27 21:32:00,26.4,26.2,26.2,23.2
2023-04-27 21:34:00,26.3,26.1,26.2,23.1
2023-04-27 21:36:00,26.4,26.2,26.2,23.2
2023-04-27 21:38:00,26.4,26.2,26.2,23.2
2023-04-27 21:40:00,26.4,26.2,26.2,23.1
2023-04-27 21:42:00,26.4,26.2,26.2,23.2
2023-04-27 21:44:00,26.4,26.2,26.2,23.1
2023-04-27 21:46:00,26.4,26.2,26.2,23.2
2023-04-27 21:48:00,26.4,26.2,26.2,23.2
2023-04-27 21:50:00,26.4,26.2,26.2,23.2
2023-04-27 21:52:00,26.4,26.2,26.2,23.1
2023-04-27 21:54:00,26.3,26.2,26.2,23.1
2023-04-27 21:56:00,26.3,26.1,26.2,23.1
2023-04-27 21:58:00,26.3,26.1,26.2,23.1
2023-04-27 22:00:00,26.3,26.1,26.2,23.1
2023-04-27 22:02:00,26.4,26.2,26.2,23.2
2023-04-27 22:04:00,26.3,26.2,26.2,23.2
2023-04-27 22:06:00,26.3,26.2,26.2,23.1
2023-04-27 22:08:00,26.3,26.1,26.2,23.1
2023-04-27 22:10:00,26.2,26.1,26.1,23.1
2023-04-27 22:12:00,26.3,26.1,26.2,23.1
2023-04-27 22:14:00,26.3,26.1,26.2,23.1
2023-04-27 22:16:00,26.3,26.2,26.2,23.1
2023-04-27 22:18:00,26.3,26.2,26.1,23.1
2023-04-27 22:20:00,26.3,26.2,26.1,23.1
2023-04-27 22:22:00,26.3,26.2,26.1,23.2
2023-04-27 22:24:00,26.3,26.1,26.1,23.1
2023-04-27 22:26:00,26.3,26.1,26.1,23.1
2023-04-27 22:28:00,26.3,26.1,26.2,23.1
2023-04-27 22:30:00,26.2,26.0,26.1,23.1
2023-04-27 22:32:00,26.3,26.1,26.1,23.1
2023-04-27 22:34:00,26.3,26.1,26.1,23.1
2023-04-27 22:36:00,26.3,26.1,26.1,23.0
2023-04-27 22:38:00,26.3,26.1,26.1,23.1
2023-04-27 22:40:00,26.3,26.1,26.1,23.1
2023-04-27 22:42:00,26.2,26.0,26.1,23.0
2023-04-27 22:44:00,26.2,25.9,26.0,23.0
2023-04-27 22:46:00,26.2,26.0,26.1,23.1
2023-04-27 22:48:00,26.2,26.1,26.1,23.0
2023-04-27 22:50:00,26.3,26.1,26.1,23.1
2023-04-27 22:52:00,26.3,26.1,26.1,23.1
2023-04-27 22:54:00,26.3,26.1,26.1,23.1
2023-04-27 22:56:00,26.2,26.0,26.1,23.1
2023-04-27 22:58:00,26.1,25.9,26.0,23.0
2023-04-27 23:00:00,26.1,26.0,26.0,23.0
2023-04-27 23:02:00,26.2,26.0,26.0,23.0
2023-04-27 23:04:00,26.2,25.9,26.0,23.0
2023-04-27 23:06:00,26.2,26.0,26.0,23.0
2023-04-27 23:08:00,26.1,26.0,26.0,23.0
2023-04-27 23:10:00,26.2,26.0,26.0,23.0
2023-04-27 23:12:00,26.2,26.0,26.1,23.0
2023-04-27 23:14:00,26.2,26.0,26.1,23.0
2023-04-27 23:16:00,26.2,26.0,26.1,23.1
2023-04-27 23:18:00,26.2,26.0,26.0,23.0
2023-04-27 23:20:00,26.1,25.9,26.0,23.0
2023-04-27 23:22:00,26.2,25.9,26.0,23.0
2023-04-27 23:24:00,26.2,25.9,26.0,23.0
2023-04-27 23:26:00,26.2,26.0,26.0,23.0
2023-04-27 23:28:00,26.2,25.9,26.0,23.0
2023-04-27 23:30:00,26.1,25.9,26.0,23.0
2023-04-27 23:32:00,26.2,25.9,26.0,23.0
2023-04-27 23:34:00,26.2,26.0,26.0,23.0
2023-04-27 23:36:00,26.1,26.0,26.0,23.0
2023-04-27 23:38:00,26.1,25.9,26.0,23.0
2023-04-27 23:40:00,26.2,25.9,26.0,23.0
2023-04-27 23:42:00,26.2,26.0,26.0,23.1
2023-04-27 23:44:00,26.2,26.0,26.0,23.0
2023-04-27 23:46:00,26.1,25.9,26.0,23.0
2023-04-27 23:48:00,26.1,25.9,26.0,22.9
2023-04-27 23:50:00,26.1,25.9,26.0,23.0
2023-04-27 23:52:00,26.1,25.9,25.9,23.0
2023-04-27 23:54:00,26.0,25.8,25.9,22.9
2023-04-27 23:56:00,26.0,25.9,25.9,23.0
2023-04-27 23:58:00,26.1,25.9,25.9,23.0
2023-04-28 00:00:00,26.0,25.9,25.9,22.9
2023-04-28 00:02:00,26.1,25.9,25.9,22.9
2023-04-28 00:04:00,26.1,25.9,25.9,22.9
2023-04-28 00:06:00,26.1,25.9,25.9,22.9
2023-04-28 00:08:00,26.0,25.9,25.9,22.9
2023-04-28 00:10:00,26.0,25.9,25.9,22.9
2023-04-28 00:12:00,26.1,25.9,25.9,23.0
2023-04-28 00:14:00,26.1,25.9,25.9,23.0
2023-04-28 00:16:00,26.0,25.8,25.9,22.9
2023-04-28 00:18:00,26.0,25.8,25.8,22.9
2023-04-28 00:20:00,26.0,25.8,25.8,22.9
2023-04-28 00:22:00,26,25.8,25.9,22.9
2023-04-28 00:24:00,26.0,25.8,25.9,22.9
2023-04-28 00:26:00,26.0,25.8,25.9,22.9
2023-04-28 00:28:00,26.0,25.8,25.8,22.9
2023-04-28 00:30:00,26.0,25.8,25.8,22.9
2023-04-28 00:32:00,26.0,25.8,25.9,22.9
2023-04-28 00:34:00,26.0,25.8,25.8,23.0
2023-04-28 00:36:00,26.0,25.8,25.8,22.9
2023-04-28 00:38:00,26.0,25.8,25.9,22.9
2023-04-28 00:40:00,26.0,25.8,25.8,22.9
2023-04-28 00:42:00,26.0,25.7,25.8,22.9
2023-04-28 00:44:00,26.0,25.7,25.8,22.9
2023-04-28 00:46:00,25.9,25.7,25.8,22.9
2023-04-28 00:48:00,26.0,25.8,25.8,22.9
2023-04-28 00:50:00,26.0,25.8,25.8,22.9
2023-04-28 00:52:00,26.0,25.8,25.8,23.0
2023-04-28 00:54:00,26.0,25.8,25.8,22.9
2023-04-28 00:56:00,26.0,25.8,25.8,22.9
2023-04-28 00:58:00,25.9,25.8,25.8,23.0
2023-04-28 01:00:00,26.0,25.8,25.8,22.9
2023-04-28 01:02:00,25.9,25.8,25.8,22.9
2023-04-28 01:04:00,25.9,25.8,25.8,22.9
2023-04-28 01:06:00,25.9,25.8,25.8,22.9
2023-04-28 01:08:00,25.9,25.7,25.8,22.9
2023-04-28 01:10:00,25.9,25.7,25.8,22.9
2023-04-28 01:12:00,25.9,25.7,25.8,22.9
2023-04-28 01:14:00,25.9,25.6,25.8,22.8
2023-04-28 01:16:00,25.9,25.7,25.8,22.9
2023-04-28 01:18:00,25.9,25.7,25.8,22.9
2023-04-28 01:20:00,25.9,25.7,25.8,23.0
2023-04-28 01:22:00,25.9,25.7,25.8,22.9
2023-04-28 01:24:00,25.9,25.8,25.8,22.9
2023-04-28 01:26:00,25.9,25.8,25.7,22.9
2023-04-28 01:28:00,25.9,25.8,25.8,22.9
2023-04-28 01:30:00,25.9,25.8,25.8,22.9
2023-04-28 01:32:00,25.9,25.7,25.8,22.9
2023-04-28 01:34:00,25.9,25.7,25.7,22.8
2023-04-28 01:36:00,25.9,25.6,25.7,22.8
2023-04-28 01:38:00,25.8,25.6,25.8,22.8
2023-04-28 01:40:00,25.9,25.7,25.7,22.8
2023-04-28 01:42:00,25.9,25.7,25.8,22.9
2023-04-28 01:44:00,25.9,25.7,25.7,22.9
2023-04-28 01:46:00,25.9,25.7,25.7,22.9
2023-04-28 01:48:00,25.8,25.6,25.7,22.8
2023-04-28 01:50:00,25.9,25.6,25.7,22.9
2023-04-28 01:52:00,25.9,25.6,25.7,22.8
2023-04-28 01:54:00,25.8,25.6,25.7,22.8
2023-04-28 01:56:00,25.9,25.7,25.7,22.9
2023-04-28 01:58:00,25.9,25.7,25.7,22.9
2023-04-28 02:00:00,25.9,25.7,25.7,22.9
2023-04-28 02:02:00,25.9,25.7,25.7,22.9
2023-04-28 02:04:00,25.9,25.7,25.7,22.9
2023-04-28 02:06:00,25.8,25.6,25.7,22.8
2023-04-28 02:08:00,25.9,25.7,25.7,22.9
2023-04-28 02:10:00,25.9,25.6,25.7,22.8
2023-04-28 02:12:00,25.8,25.6,25.7,22.8
2023-04-28 02:14:00,25.8,25.6,25.7,22.8
2023-04-28 02:16:00,25.8,25.6,25.7,22.9
2023-04-28 02:18:00,25.9,25.7,25.7,22.9
2023-04-28 02:20:00,25.9,25.7,25.7,22.9
2023-04-28 02:22:00,25.8,25.6,25.7,22.8
2023-04-28 02:24:00,25.8,25.6,25.6,22.8
2023-04-28 02:26:00,25.8,25.6,25.6,22.8
2023-04-28 02:28:00,25.8,25.6,25.6,22.8
2023-04-28 02:30:00,25.8,25.6,25.6,22.8
2023-04-28 02:32:00,25.7,25.6,25.6,22.8
2023-04-28 02:34:00,25.8,25.6,25.6,22.9
2023-04-28 02:36:00,25.8,25.6,25.6,22.8
2023-04-28 02:38:00,25.7,25.6,25.6,22.8
2023-04-28 02:40:00,25.8,25.6,25.7,22.9
2023-04-28 02:42:00,25.8,25.6,25.6,22.8
2023-04-28 02:44:00,25.8,25.6,25.6,22.9
2023-04-28 02:46:00,25.8,25.5,25.6,22.9
2023-04-28 02:48:00,25.7,25.5,25.6,22.8
2023-04-28 02:50:00,25.7,25.5,25.6,22.8
2023-04-28 02:52:00,25.7,25.6,25.6,22.9
2023-04-28 02:54:00,25.8,25.6,25.6,22.9
2023-04-28 02:58:00,25.7,25.5,25.6,22.8
2023-04-28 03:00:00,25.7,25.5,25.6,22.9
2023-04-28 03:02:00,25.7,25.5,25.6,22.8
2023-04-28 03:04:00,25.7,25.5,25.6,22.8
2023-04-28 03:06:00,25.7,25.5,25.6,22.8
2023-04-28 03:08:00,25.8,25.6,25.6,22.8
2023-04-28 03:10:00,25.8,25.6,25.6,22.8
2023-04-28 03:12:00,25.8,25.6,25.6,22.9
2023-04-28 03:14:00,25.8,25.6,25.6,22.9
2023-04-28 03:16:00,25.8,25.6,25.6,22.9
2023-04-28 03:18:00,25.8,25.5,25.6,22.8
2023-04-28 03:20:00,25.8,25.6,25.6,22.9
2023-04-28 03:22:00,25.7,25.5,25.6,22.8
2023-04-28 03:24:00,25.7,25.5,25.6,22.8
2023-04-28 03:26:00,25.8,25.6,25.6,22.8
2023-04-28 03:28:00,25.8,25.6,25.6,22.8
2023-04-28 03:30:00,25.7,25.6,25.6,22.8
2023-04-28 03:32:00,25.7,25.5,25.6,22.8
2023-04-28 03:34:00,25.7,25.5,25.5,22.8
2023-04-28 03:36:00,25.7,25.5,25.6,22.9
2023-04-28 03:38:00,25.7,25.5,25.5,22.8
2023-04-28 03:40:00,25.7,25.5,25.5,22.8
2023-04-28 03:42:00,25.7,25.5,25.5,22.8
2023-04-28 03:44:00,25.7,25.5,25.5,22.8
2023-04-28 03:46:00,25.7,25.5,25.5,22.8
2023-04-28 03:48:00,25.7,25.5,25.5,22.8
2023-04-28 03:50:00,25.7,25.5,25.6,22.9
2023-04-28 03:52:00,25.7,25.5,25.5,22.8
2023-04-28 03:54:00,25.7,25.5,25.5,22.8
2023-04-28 03:56:00,25.7,25.5,25.6,22.8
2023-04-28 03:58:00,25.7,25.5,25.5,22.9
2023-04-28 04:00:00,25.7,25.5,25.5,22.8
2023-04-28 04:02:00,25.7,25.5,25.5,22.8
2023-04-28 04:04:00,25.7,25.5,25.5,22.9
2023-04-28 04:06:00,25.7,25.5,25.5,22.9
2023-04-28 04:08:00,25.7,25.5,25.5,22.8
2023-04-28 04:10:00,25.7,25.5,25.5,22.8
2023-04-28 04:12:00,25.7,25.5,25.5,22.8
2023-04-28 04:14:00,25.7,25.5,25.5,22.8
2023-04-28 04:16:00,25.6,25.4,25.4,22.8
2023-04-28 04:18:00,25.6,25.4,25.5,22.8
2023-04-28 04:20:00,25.7,25.4,25.5,22.8
2023-04-28 04:22:00,25.7,25.4,25.5,22.8
2023-04-28 04:24:00,25.7,25.4,25.5,22.8
2023-04-28 04:26:00,25.6,25.4,25.4,22.8
2023-04-28 04:28:00,25.6,25.4,25.5,22.8
2023-04-28 04:30:00,25.6,25.4,25.5,22.8
2023-04-28 04:32:00,25.6,25.4,25.4,22.8
2023-04-28 04:34:00,25.6,25.4,25.5,22.8
2023-04-28 04:36:00,25.6,25.4,25.4,22.8
2023-04-28 04:38:00,25.6,25.4,25.4,22.8
2023-04-28 04:40:00,25.6,25.4,25.5,22.8
2023-04-28 04:42:00,25.6,25.4,25.4,22.8
2023-04-28 04:44:00,25.6,25.4,25.4,22.8
2023-04-28 04:46:00,25.5,25.4,25.4,22.8
2023-04-28 04:48:00,25.6,25.4,25.4,22.8
2023-04-28 04:50:00,25.6,25.4,25.4,22.8
2023-04-28 04:52:00,25.6,25.4,25.4,22.8
2023-04-28 04:54:00,25.6,25.4,25.4,22.8
2023-04-28 04:56:00,25.6,25.4,25.4,22.8
2023-04-28 04:58:00,25.6,25.4,25.4,22.8
2023-04-28 05:00:00,25.6,25.3,25.4,22.8
2023-04-28 05:02:00,25.5,25.3,25.4,22.8
2023-04-28 05:04:00,25.6,25.4,25.4,22.8
2023-04-28 05:06:00,25.6,25.4,25.4,22.8
2023-04-28 05:08:00,25.5,25.3,25.4,22.8
2023-04-28 05:10:00,25.5,25.4,25.3,22.8
2023-04-28 05:12:00,25.5,25.4,25.4,22.8
2023-04-28 05:14:00,25.5,25.3,25.3,22.8
2023-04-28 05:16:00,25.6,25.4,25.4,22.8
2023-04-28 05:18:00,25.5,25.3,25.4,22.8
2023-04-28 05:20:00,25.5,25.3,25.4,22.8
2023-04-28 05:22:00,25.5,25.3,25.3,22.7
2023-04-28 05:24:00,25.5,25.3,25.3,22.8
2023-04-28 05:26:00,25.5,25.3,25.3,22.8
2023-04-28 05:28:00,25.5,25.3,25.3,22.8
2023-04-28 05:30:00,25.5,25.3,25.3,22.8
2023-04-28 05:32:00,25.6,25.4,25.4,22.8
2023-04-28 05:34:00,25.6,25.4,25.4,22.8
2023-04-28 05:36:00,25.5,25.3,25.3,22.7
2023-04-28 05:38:00,25.5,25.3,25.3,22.8
2023-04-28 05:40:00,25.5,25.3,25.3,22.8
2023-04-28 05:42:00,25.5,25.3,25.3,22.8
2023-04-28 05:44:00,25.5,25.3,25.3,22.8
2023-04-28 05:46:00,25.5,25.3,25.3,22.7
2023-04-28 05:48:00,25.5,25.3,25.3,22.8
2023-04-28 05:50:00,25.5,25.3,25.3,22.8
2023-04-28 05:52:00,25.5,25.3,25.3,22.7
2023-04-28 05:54:00,25.5,25.3,25.3,22.8
2023-04-28 05:56:00,25.5,25.3,25.3,22.8
2023-04-28 05:58:00,25.4,25.3,25.3,22.7
2023-04-28 06:00:00,25.4,25.2,25.3,22.7
2023-04-28 06:02:00,25.5,25.3,25.3,22.8
2023-04-28 06:04:00,25.5,25.3,25.3,22.8
2023-04-28 06:06:00,25.5,25.3,25.3,22.8
2023-04-28 06:08:00,25.4,25.3,25.3,22.7
2023-04-28 06:10:00,25.4,25.3,25.3,22.7
2023-04-28 06:12:00,25.4,25.3,25.3,22.7
2023-04-28 06:14:00,25.4,25.2,25.3,22.7
2023-04-28 06:16:00,25.4,25.2,25.3,22.8
2023-04-28 06:18:00,25.4,25.2,25.2,22.8
2023-04-28 06:20:00,25.4,25.2,25.3,22.8
2023-04-28 06:22:00,25.4,25.2,25.3,22.8
2023-04-28 06:24:00,25.4,25.2,25.3,22.8
2023-04-28 06:26:00,25.4,25.3,25.3,22.8
2023-04-28 06:28:00,25.4,25.2,25.3,22.8
2023-04-28 06:30:00,25.4,25.2,25.3,22.8
2023-04-28 06:32:00,25.4,25.2,25.3,22.8
2023-04-28 06:34:00,25.4,25.2,25.2,22.8
2023-04-28 06:36:00,25.4,25.2,25.3,22.8
2023-04-28 06:38:00,25.4,25.2,25.3,22.8
2023-04-28 06:40:00,25.4,25.2,25.3,22.8
2023-04-28 06:42:00,25.4,25.2,25.2,22.8
2023-04-28 06:44:00,25.4,25.2,25.2,22.8
2023-04-28 06:46:00,25.4,25.2,25.2,22.8
2023-04-28 06:48:00,25.4,25.2,25.2,22.8
2023-04-28 06:50:00,25.4,25.2,25.2,22.8
2023-04-28 06:52:00,25.4,25.2,25.2,22.8
2023-04-28 06:54:00,25.4,25.2,25.2,22.8
2023-04-28 06:56:00,25.3,25.2,25.2,22.8
2023-04-28 06:58:00,25.4,25.2,25.2,22.8
2023-04-28 07:00:00,25.4,25.2,25.2,22.8
2023-04-28 07:02:00,25.4,25.2,25.2,22.7
2023-04-28 07:04:00,25.4,25.2,25.2,22.8
2023-04-28 07:06:00,25.3,25.2,25.2,22.8
2023-04-28 07:08:00,25.3,25.2,25.2,22.8
2023-04-28 07:10:00,25.3,25.2,25.1,22.8
2023-04-28 07:12:00,25.3,25.1,25.2,22.8
2023-04-28 07:14:00,25.3,25.1,25.1,22.8
2023-04-28 07:16:00,25.3,25.2,25.2,22.8
2023-04-28 07:18:00,25.3,25.2,25.1,22.8
2023-04-28 07:20:00,25.3,25.2,25.1,22.8
2023-04-28 07:22:00,25.3,25.1,25.2,22.8
2023-04-28 07:24:00,25.3,25.1,25.1,22.8
2023-04-28 07:26:00,25.3,25.1,25.1,22.8
2023-04-28 07:28:00,25.3,25.1,25.1,22.8
2023-04-28 07:30:00,25.3,25.1,25.1,22.8
2023-04-28 07:32:00,25.3,25.1,25.1,22.8
2023-04-28 07:34:00,25.3,25.1,25.1,22.8
2023-04-28 07:36:00,25.3,25.1,25.1,22.8
2023-04-28 07:38:00,25.2,25.0,25.1,22.8
2023-04-28 07:40:00,25.2,25.0,25.1,22.8
2023-04-28 07:42:00,25.3,25.1,25.1,22.8
2023-04-28 07:44:00,25.2,25.1,25.1,22.8
2023-04-28 07:46:00,25.2,25.1,25.1,22.8
2023-04-28 07:48:00,25.2,25.1,25.1,22.8
2023-04-28 07:50:00,25.2,25.1,25.1,22.8
2023-04-28 07:52:00,25.2,25.1,25.1,22.8
2023-04-28 07:54:00,25.2,25.1,25.1,22.8
2023-04-28 07:56:00,25.2,25.1,25.1,22.8
2023-04-28 07:58:00,25.2,25.0,25.1,22.8
2023-04-28 08:00:00,25.3,25.0,25.1,22.8
2023-04-28 08:02:00,25.3,25.0,25.1,22.8
2023-04-28 08:04:00,25.2,25.0,25.1,22.8
2023-04-28 08:06:00,25.2,25.0,25.1,22.8
2023-04-28 08:08:00,25.2,25.0,25.1,22.8
2023-04-28 08:10:00,25.2,25.0,25.1,22.8
2023-04-28 08:12:00,25.2,25.0,25.1,22.8
2023-04-28 08:14:00,25.2,25.0,25.1,22.9
2023-04-28 08:16:00,25.2,25.0,25.1,22.8
2023-04-28 08:18:00,25.2,25.0,25.1,22.8
2023-04-28 08:20:00,25.2,25.0,25.1,22.8
2023-04-28 08:22:00,25.2,25.0,25.1,22.8
2023-04-28 08:24:00,25.2,25.0,25.0,22.8
2023-04-28 08:26:00,25.1,25.0,25.0,22.8
2023-04-28 08:28:00,25.2,25.0,25.0,22.9
2023-04-28 08:30:00,25.2,25.0,25.0,22.8
2023-04-28 08:32:00,25.2,25.0,25.0,22.8
2023-04-28 08:34:00,25.2,25.0,25.0,22.8
2023-04-28 08:36:00,25.2,25.0,25.0,22.9
2023-04-28 08:38:00,25.2,25.0,25.0,22.8
2023-04-28 08:40:00,25.2,25.0,25.0,22.8
2023-04-28 08:42:00,25.2,25.0,25.0,22.8
2023-04-28 08:44:00,25.2,25.0,25.0,22.8
2023-04-28 08:46:00,25.1,25.0,25.0,22.8
2023-04-28 08:48:00,25.2,25.0,25.0,22.8
2023-04-28 08:50:00,25.1,25.0,25.0,22.9
2023-04-28 08:52:00,25.1,25.0,25.0,22.8
2023-04-28 08:54:00,25.1,25.0,25.0,22.9
2023-04-28 08:56:00,25.2,25.0,25.0,22.9
2023-04-28 08:58:00,25.1,25.0,25.0,22.9
2023-04-28 09:00:00,25.1,25.0,25.0,22.9
2023-04-28 09:02:00,25.1,25.0,25.0,22.9
2023-04-28 09:04:00,25.1,25.0,25.0,22.9
2023-04-28 09:06:00,25.1,25.0,25.0,22.9
2023-04-28 09:08:00,25.1,25.0,25.0,22.9
2023-04-28 09:10:00,25.1,25.0,25.0,22.9
2023-04-28 09:12:00,25.1,25.0,25.0,22.9
2023-04-28 09:14:00,25.1,25.0,25.0,22.9
2023-04-28 09:16:00,25.1,25.0,25.0,22.9
2023-04-28 09:18:00,25.1,25.0,25.0,22.9
2023-04-28 09:20:00,25.1,25.0,25.0,22.9
2023-04-28 09:22:00,25.1,25.0,25.0,22.9
2023-04-28 09:24:00,25.1,25.0,25.0,22.9
2023-04-28 09:26:00,25.1,25.0,25.0,22.9
2023-04-28 09:28:00,25.1,25.0,25.0,22.9
2023-04-28 09:30:00,25.1,25.0,25.0,22.9
2023-04-28 09:32:00,25.1,24.9,25.0,22.9
2023-04-28 09:34:00,25.1,24.9,25.0,22.9
2023-04-28 09:36:00,25.1,24.9,25,23.0
2023-04-28 09:38:00,25.1,24.9,25.0,22.9
2023-04-28 09:40:00,25.1,24.9,25.0,22.9
2023-04-28 09:42:00,25.1,24.9,25.0,22.9
2023-04-28 09:44:00,25.1,24.9,25.0,23.0
2023-04-28 09:46:00,25.0,24.9,25.0,23.0
2023-04-28 09:48:00,25.0,24.9,24.9,23.0
2023-04-28 09:50:00,25.0,24.9,24.9,23.0
2023-04-28 09:52:00,25.0,24.9,25.0,23.0
2023-04-28 09:54:00,25.1,24.9,25.0,23.0
2023-04-28 09:56:00,25.0,24.9,24.9,22.9
2023-04-28 09:58:00,25.1,24.9,25.0,23.0
2023-04-28 10:00:00,25.0,25.0,24.9,23.3
2023-04-28 10:02:00,25.0,24.9,24.9,23.0
2023-04-28 10:04:00,25.0,24.9,24.9,23.0
2023-04-28 10:06:00,25.0,25.0,24.9,23.0
2023-04-28 10:08:00,25.1,25.0,24.9,23.0
2023-04-28 10:10:00,25.0,25.0,24.9,23.0
2023-04-28 10:12:00,25.0,25.0,24.9,23.0
2023-04-28 10:14:00,25.0,24.9,24.9,23.1
2023-04-28 10:16:00,25.0,24.9,24.9,23.1
2023-04-28 10:18:00,25.0,24.9,24.9,23.1

